region	city	name	url
NY	Brooklyn	Tiger Schulmann's Martial Arts Greenpoint (Brooklyn) NY	https://tsk.com/locations/ny/brooklyn-greenpoint
NY	New York	Tiger Schulmann's Martial Arts Chelsea (New York City) NY	https://tsk.com/locations/ny/chelsea
NY	Garden City	Tiger Schulmann's Martial Arts Garden City NY	https://tsk.com/locations/ny/garden-city
NY	Huntington	Tiger Schulmann's Martial Arts Huntington NY	https://tsk.com/locations/ny/huntington
NY	Manhasset	Tiger Schulmann's Martial Arts Manhasset NY	https://tsk.com/locations/ny/manhasset
NY	Merrick	Tiger Schulmann's Martial Arts Merrick NY	https://tsk.com/locations/ny/merrick
NY	Nanuet	Tiger Schulmann's Martial Arts Nanuet NY	https://tsk.com/locations/ny/nanuet
NY	New Windsor	Tiger Schulmann's Martial Arts New Windsor NY	https://tsk.com/locations/ny/new-windsor
NY	Astoria	Tiger Schulmann's Martial Arts Astoria (Queens) NY	https://tsk.com/locations/ny/queens-astoria
NY	Queens	Tiger Schulmann's Martial Arts Bayside (Queens) NY	https://tsk.com/locations/ny/queens-bayside
NY	Queens	Tiger Schulmann's Martial Arts Fresh Meadows (Queens) NY	https://tsk.com/locations/ny/queens-fresh-meadows
NY	Queens	Tiger Schulmann's Martial Arts Glendale (Queens) NY	https://tsk.com/locations/ny/queens-glendale
NY	Queens	Tiger Schulmann's Martial Arts Jackson Heights (Queens) NY	https://tsk.com/locations/ny/queens-jackson-heights
NY	Queens	Tiger Schulmann's Martial Arts Middle Village (Queens) NY	https://tsk.com/locations/ny/queens-middle-village
NY	Queens	Tiger Schulmann's Martial Arts Rego Park (Queens) NY	https://tsk.com/locations/ny/queens-rego-park
NY	Rockville Centre	Tiger Schulmann's Martial Arts Rockville Centre NY	https://tsk.com/locations/ny/rockville-centre
NY	Smithtown	Tiger Schulmann's Martial Arts Smithtown NY	https://tsk.com/locations/ny/smithtown
NY	Staten Island	Tiger Schulmann's Martial Arts New Dorp (Staten Island) NY	https://tsk.com/locations/ny/staten-island-new-dorp
NY	Staten Island	Tiger Schulmann's Martial Arts Tottenville (Staten Island) NY	https://tsk.com/locations/ny/staten-island-tottenville
NY	Syosset	Tiger Schulmann's Martial Arts Syosset NY	https://tsk.com/locations/ny/syosset
NY	New York	Tiger Schulmann's Martial Arts Upper East Side (New York City) NY	https://tsk.com/locations/ny/upper-east-side
NY	Yonkers	Tiger Schulmann's Martial Arts Yonkers NY	https://tsk.com/locations/ny/yonkers
PA	Bethlehem	Tiger Schulmann's Mixed Martial Arts Bethlehem	https://tsk.com/locations/pa/bethlehem/
PA	Colmar	Tiger Schulmann's Mixed Martial Arts Colmar	https://tsk.com/locations/pa/colmar/
PA	Feasterville-Trevose	Tiger Schulmann's Mixed Martial Arts Feasterville	https://tsk.com/locations/pa/feasterville/
PA	Horsham	Tiger Schulmann's Mixed Martial Arts Horsham	https://tsk.com/locations/pa/horsham/
MB	Dauphin	WAMMA Dauphin	https://wamma.site/dauphin
MB	Flin Flon	WAMMA Flin Flon	https://wamma.site/flinflon
MB	Thompson	WAMMA Thompson	https://wamma.site/thompson
OK	Altus	10th Planet Jiu-Jitsu Altus	https://www.10thplanetjj.com/locations/altus/
CA	Long Beach	10th Planet Long Beach CA	https://www.10thplanetjj.com/locations/long-beach-ca/
AZ	Yuma	10th Planet Marine Corps Air Station Yuma	https://www.10thplanetjj.com/locations/yuma-arizona/
LA	Amite City	Gracie Barra Amite	https://www.championfactory.com/gyms/amite
MS	Hattiesburg	Gracie United Hattiesburg	https://www.championfactory.com/gyms/hattiesburg
MS	Wiggins	Gracie United Wiggins	https://www.championfactory.com/gyms/wiggins
AK	North Pole	Gracie Jiu-Jitsu North Pole	https://www.gracieuniversity.com/Pages/Public/AffiliateDetail
CO	Grand Junction	Gracie Jiu-Jitsu Grand Junction	https://www.gracieuniversity.com/Pages/Public/AffiliateDetail?enc=iDCGTlWq4tRja4132BcL9g%3D%3D
CA	Woodland Hills	Gracie Jiu-Jitsu Woodland Hills	https://www.gracieuniversity.com/Pages/Public/AffiliateDetail?enc=qLoBB8zQLaHlpiOPxVswyw%3D%3D
AR	Harrison	Gracie Jiu-Jitsu Harrison	https://www.gracieuniversity.com/Pages/Public/AffiliateDetail?enc=rl%2fmiDVLPwJnWoJzeXHm5w%3d%3d
CA	Manteca	Jg Academy Manteca	https://www.jgacademy.net/manteca
ID	Meridian	JG Academy Meridian	https://www.jgacademy.net/meridian
CA	Tracy	JG Academy - Jiu Jitsu & Fitness	https://www.jgacademy.net/tracy
CA	Corona	UFC GYM Corona	https://www.ufcgym.com/locations/corona/
NJ	East Rutherford	UFC GYM East Rutherford	https://www.ufcgym.com/locations/east-rutherford/
VA	Fairfax	UFC GYM Fairfax	https://www.ufcgym.com/locations/fairfax/
HI	Hilo	UFC GYM Hilo	https://www.ufcgym.com/locations/hilo
CA	Huntington Beach	UFC GYM Huntington Beach	https://www.ufcgym.com/locations/huntington-beach/
PA	Lancaster	UFC GYM Lancaster	https://www.ufcgym.com/locations/lancaster/
FL	Lauderhill	UFC GYM Lauderhill	https://www.ufcgym.com/locations/lauderhill/
NY	New Hyde Park	UFC GYM Long Island	https://www.ufcgym.com/locations/long-island
TX	McAllen	UFC GYM McAllen	https://www.ufcgym.com/locations/mcallen/
IL	Naperville	UFC GYM Naperville	https://www.ufcgym.com/locations/naperville
NJ	North Brunswick Township	UFC GYM North Brunswick	https://www.ufcgym.com/locations/north-brunswick-township/
CA	Oceanside	UFC Gym Oceanside	https://www.ufcgym.com/locations/oceanside/
CA	Orange	UFC GYM Orange	https://www.ufcgym.com/locations/orange/
NJ	Paramus	UFC GYM Paramus	https://www.ufcgym.com/locations/paramus
NV	Reno	UFC GYM Reno	https://www.ufcgym.com/locations/reno
VA	Oak Hill	UFC GYM Reston	https://www.ufcgym.com/locations/reston/
CA	Rocklin	UFC GYM Rocklin	https://www.ufcgym.com/locations/rocklin/
CA	Sacramento	UFC GYM Sacramento	https://www.ufcgym.com/locations/sacramento/
CT	Southington	UFC GYM Southington	https://www.ufcgym.com/locations/southington/
CA	Torrance	UFC GYM Torrance	https://www.ufcgym.com/locations/torrance/
FL	Winter Springs	UFC GYM Winter Springs	https://www.ufcgym.com/locations/winter-springs/
VA	Woodbridge	UFC GYM Woodbridge	https://www.ufcgym.com/locations/woodbridge/
