path	bytes	md5
orig/removed-index-rows-subset.txt	2998	7364b1258da20d9fc115fdd36a3a483c
orig/tjjm-gym-websites-2.liquid	23307	462b8b03f89f2e9e2450a53b4d5da309
orig/tjjm-gym-websites-3.liquid	23653	ad5d47c7290591793e26c39aac7fe6cd
orig/tjjm-gym-websites-4.liquid	22944	0ef65e0f5f60289380330224a5253b5d
orig/tjjm-gym-websites-5.liquid	2593	70fa4a3b8526024fe7e6431c3002b88e
orig/tjjm-gym-websites-6.liquid	19823	9749cb35614e91953115af00c436a798
orig/tjjm-gym-websites-7.liquid	4358	6ae536aac18ca560eec288bbabb67064
orig/tjjm-gym-websites.liquid	24179	3abdf7eb0fd5fb7e1e8cd97df2fb4a2d
orig/tjjm-gyms-data-10.liquid	17129	dd70b9359d65014dd03eb722c611c8d0
orig/tjjm-gyms-data-11.liquid	9611	aa1bc7c114ba8276f799429adf3baa2c
orig/tjjm-gyms-data-12.liquid	3423	2ed4afbafa95895841b9c6ec89f07d07
orig/tjjm-gyms-data-13.liquid	9698	aacc788658609ffb8f3d0c68b54243b4
orig/tjjm-gyms-data-14.liquid	6182	d0741dafb64baf2d4dd9f37d88b25c94
orig/tjjm-gyms-data-15.liquid	15527	e7c4fb56aaa75989640c7e8b3f71108e
orig/tjjm-gyms-data-16.liquid	10477	664c2ceaed40bff7198f922ea74ce818
orig/tjjm-gyms-data-17.liquid	13439	64f28f3b735d6d14e4dfeec3ef419702
orig/tjjm-gyms-data-18.liquid	5023	c4a2a3f2630faf2a7acb58744c9a31d9
orig/tjjm-gyms-data-19.liquid	23032	6c8e54dad8041e93e6bde904ff82345d
orig/tjjm-gyms-data-2.liquid	13585	27702d1850cec245e93ace793151ca6b
orig/tjjm-gyms-data-20.liquid	13418	a502234c72997bcf4fb2796d3411c7fe
orig/tjjm-gyms-data-21.liquid	3378	752f6d7060df3066b650acf4c9346100
orig/tjjm-gyms-data-22.liquid	17442	f8c0e6a77200e97d5fe66c789b561e7a
orig/tjjm-gyms-data-23.liquid	16957	a17ca90555b92990bab3e6e2e0c02529
orig/tjjm-gyms-data-24.liquid	9202	d76d2e8d281a90baeeb21395244f6942
orig/tjjm-gyms-data-25.liquid	9414	658bea90c5a3a7469e5294ea04fa3837
orig/tjjm-gyms-data-26.liquid	13468	5fc95c15168763974fa4a7e208af5a1c
orig/tjjm-gyms-data-27.liquid	1020	1473a6772d3d9428adc9109110b1a89e
orig/tjjm-gyms-data-28.liquid	10249	744529c36acbe757e7fc1fe8446728aa
orig/tjjm-gyms-data-29.liquid	10434	cdd6f218769fbe26cfce2afad7a758f0
orig/tjjm-gyms-data-3.liquid	17044	4b6ea571b8cf2e558692ddcc9fdc0f9c
orig/tjjm-gyms-data-30.liquid	8603	fe4c9ca1d9db67e415013c459ee9c130
orig/tjjm-gyms-data-31.liquid	9809	4832e32d66bebd406341c84ee036b23e
orig/tjjm-gyms-data-32.liquid	13814	2acfcc0d3a64ac560bd9016e14ad61cf
orig/tjjm-gyms-data-33.liquid	8795	e091ebc0b9d232a81f71ae32adf86b85
orig/tjjm-gyms-data-34.liquid	12706	75a9a3c5e2f5addd1d7996e320e5ef58
orig/tjjm-gyms-data-35.liquid	14167	f729b2bf6ae716ab04c00f6bdf8619e2
orig/tjjm-gyms-data-36.liquid	16402	efb75dd61ec272112e294c1858e90fa5
orig/tjjm-gyms-data-37.liquid	13420	1e210c9b3f39bd1bc96c2bb5f0bcb466
orig/tjjm-gyms-data-38.liquid	9776	234bfe7096963c83d101c857f96b248c
orig/tjjm-gyms-data-39.liquid	13437	6586be899fe48f82672391e8241baa7e
orig/tjjm-gyms-data-4.liquid	3835	92a2282149363b415f91741c55988a9f
orig/tjjm-gyms-data-40.liquid	19732	dbebffe0b42e25dc43ef6277f53c768c
orig/tjjm-gyms-data-41.liquid	22091	0473b2bfba797a1e565cbe1e603a9c81
orig/tjjm-gyms-data-42.liquid	13907	05bb48190f8234f17d533867d57617ca
orig/tjjm-gyms-data-43.liquid	20538	a4a1d5e25e4a9ba9cca3e3b479b8cb02
orig/tjjm-gyms-data-44.liquid	6069	146f2ef2be0e8c24496236b07f854d5f
orig/tjjm-gyms-data-45.liquid	1782	8fb61a68bfb01fa6a58d281ca0781099
orig/tjjm-gyms-data-5.liquid	26015	0451cb2d6d02b5ad94063fb5aac425fa
orig/tjjm-gyms-data-6.liquid	26262	612225b368373a1aa7fc1468849be782
orig/tjjm-gyms-data-7.liquid	18418	b282b3d966a740d26a7620e4999ed1e5
orig/tjjm-gyms-data-8.liquid	17788	812c045d7e446afc539016fae983d4b1
orig/tjjm-gyms-data-9.liquid	16535	35b584b15799da53a6d8ce277eb84e4c
orig/tjjm-gyms-data.liquid	113187	1ee054115f5f2a4ab7b96a1a4395e342
built/tjjm-gym-websites-6.liquid	19825	92e22ac50d513bfa11f4df2cbffabc6f
built/tjjm-gym-websites-7.liquid	7090	0ed655f1d28d7cdcdc7580274a512823
built/tjjm-gyms-data-14.liquid	6178	a87963d4545753b2beb7ccb44ad14623
built/tjjm-gyms-data-17.liquid	13431	a8f4085e6de592f1c6441fa6d1111ef9
built/tjjm-gyms-data-19.liquid	23037	467ef350e41a0340722329743295ceb4
built/tjjm-gyms-data-20.liquid	13415	e1c9e606f208ddb247b2996f49471c0f
built/tjjm-gyms-data-24.liquid	9201	87ecc52f58e8a75b9ac1fef11c403568
built/tjjm-gyms-data.liquid	113189	8d1e49e7754006934c5d53541b4f120a
roundtrip/tjjm-gyms-data-14.liquid	6178	a87963d4545753b2beb7ccb44ad14623
