result	id	name	proposed_url	dns_status	better_url	note
PASS	1	GB Agoura	https://gbagoura.com/	0 A=yes		Own site; 5883 Kanan Rd Ste 16-17 Agoura Hills CA 91301, +1 805-800-9681, GB BJJ kids/adults.
PASS	2	Gracie Jiu-Jitsu Alameda	https://www.graciealameda.com/	0 A=yes		Own site, phone (510) 260-0226, Gracie Combatives/Bullyproof; no street address published anywhere on site.
PASS	5	The Chute MMA, Jiu Jitsu and Wrestling	https://thechutemma.com/	0 A=yes		6801 White Ln Ste E3-4 Bakersfield CA 93309, (661) 369-0342; named No-Gi Jiu Jitsu classes.
PASS	6	Gracie Jiu-Jitsu Barstow	https://graciebarstow.com/	0 A=yes		312 E. Main St. Barstow CA 92311, 760-600-9087; Gracie CTC with full BJJ curriculum.
PASS	8	Gracie Jiu-Jitsu Beverly Hills	https://www.graciejiujitsubeverlyhills.com/	0 A=yes		Root is a splash page; /contact gives 324 S. Beverly Dr 2nd Fl, Beverly Hills CA 90212, (310) 553-0500.
PASS	12	GB Chula Vista	https://graciebarrachulavista.com/	0 A=yes		2015 Birch Rd #1207 Chula Vista CA 91915, +1 619-240-3404; schedules dated 29-06-26.
PASS	13	Gracie Jiu-Jitsu Clovis	https://www.bjjclovis.com/	0 A=yes		1521 Tollhouse Road Ste F Clovis CA 93611, 559-318-3136.
PASS	22	Pedigo Submission Fighting Los Angeles	https://www.psflosangeles.com/	0 A=yes		12958 Hawthorne Blvd, Hawthorne CA 90250, (731) 513-0341; coach Derek Featherstun.
FAIL_BODY	23	Hayward BJJ Darcio Lira	https://tadanadojiujitsu.com/	0 A=yes		Site is Ta Danado Jiu Jitsu (21463-B Foothill Blvd, Hayward) founded by Carlos Rocha; no mention of Darcio Lira or Hayward BJJ on home or instructor pages.
PASS	24	Flow Academy BJJ Indio	https://flowacademybjjindio.com/	0 A=yes		42425 Jackson Street Ste C112 Indio CA 92203, (951) 337-3781; Prof. Carlos Miller.
PASS	25	Gracie Jiu-Jitsu Indio	https://gjjindio.com/	0 A=yes		80150 Hwy 111 C1 Indio CA 92201, 760-775-0982.
PASS_WITH_CAVEAT	28	GB La Crescenta	https://graciebarra.com/la-canada-ca/	0 A=yes		Page renders as GB La Canada Flintridge, 645 Foothill Blvd, La Canada Flintridge CA 91011, 818-790-2500 - adjacent municipality, not La Crescenta.
PASS	31	Alliance Jiu Jitsu Los Angeles	https://www.cobrinhabjj.com/	0 A=yes		Alliance LA by Cobrinha, 4929 Wilshire Blvd #104, Los Angeles CA 90010.
PASS	35	Uactp	https://www.uactp.com/	0 A=yes		2200 Beverly Blvd, Los Angeles CA 90057, 213.352.4042; jiu-jitsu group classes listed.
PASS	38	Gracie Jiu-Jitsu Monterey	https://graciemonterey.com/	0 A=yes		800 Lighthouse Avenue Monterey CA 93940, 831-633-7141.
PASS	43	10th Planet Redland	https://10thplanetjiujitsuredlands.com/	0 A=yes		821 West Colton Ave, Redlands CA 92374, (909) 809-6694.
PASS_WITH_CAVEAT	46	Academy Of Striking & Grappling	https://www.asgmma.com/	0 A=yes		Correct school (owner Karl Glover, Wrestling/Jiu Jitsu Grappling page) but address is 24210 Postal Ave, Moreno Valley CA 92553, not Riverside.
PASS	48	Alliance Jiu Jitsu San Diego	https://alliancesandiego.com/	0 A=yes		8990 Miramar Rd Suite 225, San Diego CA 92126.
PASS	52	Gracie Jiu-Jitsu Santa Clarita	https://graciejiujitsuscv.com/	0 A=yes		26370 Diamond Pl Suite 501, Santa Clarita CA 91350, 661-513-3150.
PASS_WITH_CAVEAT	53	Gracie Jiu-Jitsu Santa Cruz	https://www.graciesantacruz.com/	0 A=yes		Address is 1408 41st Avenue, Capitola CA 95010 - adjacent city to Santa Cruz; no phone published.
PASS_WITH_CAVEAT	56	Stanford BJJ	https://stanfordclubsports.com/sports/brazilian-jiu-jitsu	0 A=yes		Official Stanford Club Sports BJJ page exists, but carries no address, phone or current content; schedule link still points to 2023-24 and events list is empty.
PASS	62	10th Planet Torrance	https://10ptorrance.com/	0 A=yes		24433 Hawthorne Blvd, Torrance CA 90505, (424) 999-0787; nogi jiu jitsu.
PASS	63	GB Redondo Beach	https://www.gbredondobeach.com/	0 A=yes		Own site for Gracie Barra Redondo Beach, mobile (424) 409-6755, Prof. Murillo; no street address published, Yelp link is the Torrance listing.
PASS	65	Rodrigo Cardoso Brazilian Jiu-Jitsu Academy	https://atlasbjj.com/	0 A=yes		Rebrand to Atlas BJJ Vacaville, 2068 Harbison Drive Vacaville CA 95687, (415) 466-5800; Facebook is /rodrigocardosoacademy and Prof. Rodrigo still teaches.
PASS_WITH_CAVEAT	66	Gracie Jiu-Jitsu Vallejo	https://www.gracievallejo.com/	0 A=yes		Vallejo Gracie CTC under Miro Ayala confirmed, but site publishes no street address and no phone; contact email and Yelp link go to Miro's Taekwondo Vallejo.
PASS	67	GB Ventura	https://www.graciebarraventura.com/	0 A=yes		3503 Arundell Circle, Ventura CA, (805) 663-9220.
PASS	73	Gracie Jiu-Jitsu Woodland Hills	https://www.gracieuniversity.com/Pages/Public/AffiliateDetail?enc=qLoBB8zQLaHlpiOPxVswyw%3D%3D	0 A=yes		Franchisor CTC page renders with specifics: 5340 Topanga Canyon Blvd, Woodland Hills CA 91364, 818-884-0663, instructor Rocky Glenn, Apr-May 2026 schedule.
PASS_WITH_CAVEAT	77	Gracie Jiu-Jitsu Adkins	https://gracie-jiu-jitsu-adkins.gymdesk.com/	0 A=yes		Adkins/Wilson County and full Gracie curriculum confirmed (instructors Gabriel and Ashley Sabin), but no address or phone renders and the schedule page defaults to the week of 03/09/2025.
PASS_WITH_CAVEAT	81	Austin Fitness Martial Arts	https://www.thevoidmartialarts.com/	0 A=yes		The Void Martial Arts, 701 Tillery St Suite A7B, Austin TX 78702, named BJJ class; page never mentions "Austin Fitness Martial Arts" so the rename is unverified from the site.
PASS	83	Fight Factory Austin	https://fightfactoryjiujitsu.com/	0 A=yes		9607 Research Blvd #675, Austin TX 78759, (512) 428-6125; Prof. Rodrigo Cabral.
PASS_WITH_CAVEAT	84	Austin Fitness Martial Arts - Now is THE VOID MArtial Arts	https://www.thevoidmartialarts.com/	0 A=yes		Same site as id 81; The Void at 701 Tillery St A7B Austin TX 78702 with real BJJ classes, but no on-page evidence of the former name.
PASS	85	Brazilian Fight Factory	https://fightfactoryjiujitsu.com/	0 A=yes		Same academy as id 83; Facebook handle is /BrazilianFightFactory, address 9607 Research Blvd #675 Austin TX 78759.
PASS_WITH_CAVEAT	86	GB Dripping Springs	https://www.gbdrip.com/	0 A=yes		261 Frog Pond Lane, Dripping Springs TX 78620, 512-971-9359 - Dripping Springs, not Austin.
PASS_WITH_CAVEAT	87	GB Westlake	https://gbwestlakehills.com/	0 A=yes		Gracie Barra Westlake Hills, phone 512 820 4440; street address appears only inside a map embed, and the city is West Lake Hills rather than Austin.
PASS	91	GB Burleson	https://www.graciebarraburleson.com/	0 A=yes		201 Northeast Wilshire Blvd, Burleson TX 76028, (817) 720-5577.
PASS	97	Jiu Jitsu Tech Mix martial arts and fitness	https://www.jiujitsutech.com/	0 A=yes		7650 Interstate 35E, Corinth TX 76210, (940) 279-1091.
PASS	98	Renzo Gracie	https://renzograciecorpuschristi.com/	0 A=yes		6314 Yorktown Blvd Suite 101, Corpus Christi TX 78414, (361) 290-9078; Prof. Ruben Arredondo.
PASS	101	144 Academy Jiu Jitsu/Self-Defense/Fitness	https://144academy.com/	0 A=yes		3406 Easy St, Dallas TX 75247, (214) 551-0276, owner Jairo Bautista; apex returned an empty body to the fetcher, www.144academy.com served the same canonical page.
PASS_WITH_CAVEAT	112	Gracie Jiu-Jitsu Highland Village	https://graciebarrahighlandvillage.com/	0 A=yes		200 Marketplace Ln Suite 205, Highland Village TX 75077, (972) 439-7411 - but this is a Gracie Barra school, not a Gracie Jiu-Jitsu/Gracie University school as the record name implies.
PASS	121	Victory Combat Sports Academy	https://victorycombatsports.academy/	0 A=yes		3520 Woodrow Road Suite 103, Lubbock TX 79423, 806-559-7626; named BJJ program.
PASS	123	GB McKinney	https://gbmckinney.com/	0 A=yes		7901 Eldorado Pkwy STE 120, McKinney TX 75070, (469) 712-0737.
PASS	125	Midland BJJ Texas	https://midlandbjj.com/	0 A=yes		4612 Billingsley Blvd, Midland TX 79705, (432) 230-5545; owner Brad Barnes.
PASS	127	Gracie Jiu-Jitsu New Braunfels	https://gjjnb.com/	0 A=yes		167A S I-35 South Frontage Rd, New Braunfels TX 78130, 830-743-2664.
PASS	135	Gracie Jiu-Jitsu Salado	https://saladoma.com/	0 A=yes		227 N. Main St. Salado TX 76571, 254-289-6250.
PASS	136	American Kickboxing Academy Texas	https://akasanantonio.com/	0 A=yes		8934 Broadway St, San Antonio TX 78217; coach Bobby Southworth, Facebook /americankickboxingacademytexas.
PASS	137	GB Alamo Ranch	https://graciebarra.com/alamo-ranch-tx/	0 A=yes		Franchisor subpage renders live: 10919 Culebra Rd #187, San Antonio TX 78253, 210-251-2912.
PASS_WITH_CAVEAT	142	South Texas Grappling Team	https://south-texas-grappling-team.ueniweb.com/	0 A=yes		Address 2404 West Highway 77 Suite Y San Benito TX 78586 and (956) 778-1443 match, and Judo/BJJ are listed, but the page is generic UENI boilerplate titled "Atlanta" with geo coords for Atlanta TX and was last updated 2023.
PASS	143	Gracie Jiu-Jitsu Seguin	https://graciejiujitsuseguin.com/	0 A=yes		110 W. Court Street, Seguin TX 78155, (830) 340-1292.
PASS	146	GB Spring Branch	https://graciebarra.com/spring-branch-tx/	0 A=yes		Franchisor subpage renders live: 19750 TX-46 #110, Spring Branch TX 78070, 210-426-1202.
PASS_WITH_CAVEAT	147	Spartan Fit MMA - Springtown TX	https://spartanspringtown.com/	0 A=yes		554 J E Woody Rd, Springtown TX, (918) 399-0531, BJJ gi/no-gi; school now trades as "Spartan Grappling Academy" and the site shows no MMA.
