North Bay Jiu Jitsu	Novato	CA	snippets/tjjm-gyms-data-6.liquid
Kihon Traditional MMA	Oakhurst	CA	snippets/tjjm-gyms-data-6.liquid
10th Planet Jiu Jitsu Oakland	Oakland	CA	snippets/tjjm-gyms-data-6.liquid
Catch MMA	Oakland	CA	snippets/tjjm-gyms-data-6.liquid
Pacific Ring Sports	Oakland	CA	snippets/tjjm-gyms-data-6.liquid
Six Blades Jiu Jitsu	Oakland	CA	snippets/tjjm-gyms-data-6.liquid
Big Break Jiu Jitsu	Oakley	CA	snippets/tjjm-gyms-data-6.liquid
Growth Mindset Collective	Oakley	CA	snippets/tjjm-gyms-data-6.liquid
10th Planet Oceanside	Oceanside	CA	snippets/tjjm-gyms-data-6.liquid
760 Jiu-Jitsu / BJJ Oceanside CA 92057	Oceanside	CA	snippets/tjjm-gyms-data-6.liquid
Compound MMA & Fitness	Oceanside	CA	snippets/tjjm-gyms-data-6.liquid
CSG 360 Jiu Jitsu	Oceanside	CA	snippets/tjjm-gyms-data-6.liquid
EXCEL Jiu Jitsu MMA & Fitness	Oceanside	CA	snippets/tjjm-gyms-data-6.liquid
GB Oceanside	Oceanside	CA	snippets/tjjm-gyms-data-6.liquid
Oceanside Jiu Jitsu	Oceanside	CA	snippets/tjjm-gyms-data-6.liquid
UFC Gym Oceanside	Oceanside	CA	snippets/tjjm-gyms-data-6.liquid
10th Planet Jiu Jitsu Orange	Orange	CA	snippets/tjjm-gyms-data-6.liquid
OC Carlson Gracie Jiu Jitsu	Orange	CA	snippets/tjjm-gyms-data-6.liquid
Point of Impact MMA	Orange	CA	snippets/tjjm-gyms-data-6.liquid
UFC GYM Orange	Orange	CA	snippets/tjjm-gyms-data-6.liquid
West Coast Jiu Jitsu & Muay	Oxnard	CA	snippets/tjjm-gyms-data-6.liquid
Thrive Jiu Jitsu	Pacifica	CA	snippets/tjjm-gyms-data-6.liquid
GB Palm Desert	Palm Desert	CA	snippets/tjjm-gyms-data-6.liquid
10th Planet Palmdale	Palmdale	CA	snippets/tjjm-gyms-data-6.liquid
SoCal Fight Factory	Palmdale	CA	snippets/tjjm-gyms-data-6.liquid
MZ Brazilian Jiu-Jitsu	Palo Cedro	CA	snippets/tjjm-gyms-data-6.liquid
Silva BJJ Parlier CA (Aloisio Silva Affiliated Academy)	Parlier	CA	snippets/tjjm-gyms-data-6.liquid
Gracie Barra Pasadena	Pasadena	CA	snippets/tjjm-gyms-data-6.liquid
GB Paso Robles	Paso Robles	CA	snippets/tjjm-gyms-data-6.liquid
Crispim BJJ	Pleasanton	CA	snippets/tjjm-gyms-data-6.liquid
Guerrilla Jiu-Jitsu	Pleasanton	CA	snippets/tjjm-gyms-data-6.liquid
10th Planet Poway Jiu Jitsu	Poway	CA	snippets/tjjm-gyms-data-6.liquid
10th Planet Rancho Cucamonga	Rancho Cucamonga	CA	snippets/tjjm-gyms-data-6.liquid
Javier Vazquez Jiu Jitsu Rancho / BJJ Rancho Cucamonga CA 91730	Rancho Cucamonga	CA	snippets/tjjm-gyms-data-6.liquid
Millennia MMA Gym HQ Rancho Cucamonga	Rancho Cucamonga	CA	snippets/tjjm-gyms-data-6.liquid
Evolve Checkmat Jiu Jitsu / Muay Thai Academy	Rancho Mission Viejo	CA	snippets/tjjm-gyms-data-6.liquid
Next Generation MMA	Rancho Santa Margarita	CA	snippets/tjjm-gyms-data-6.liquid
10th Planet Redland	Redlands	CA	snippets/tjjm-gyms-data-6.liquid
Pinnacle Mixed Martial Arts, Inc.	Redlands	CA	snippets/tjjm-gyms-data-6.liquid
Redlands Jiu Jitsu	Redlands	CA	snippets/tjjm-gyms-data-6.liquid
Black House MMA	Redondo Beach	CA	snippets/tjjm-gyms-data-6.liquid
148 Jiu-Jitsu Academy	Redwood City	CA	snippets/tjjm-gyms-data-6.liquid
Carlos Alberto's MMA & Fitness Center	Rialto	CA	snippets/tjjm-gyms-data-6.liquid
Flawless Victory MMA	Ridgecrest	CA	snippets/tjjm-gyms-data-6.liquid
Charles Gracie Jiu Jitsu Ripon	Ripon	CA	snippets/tjjm-gyms-data-6.liquid
10th Planet Jiu Jitsu Riverside CA	Riverside	CA	snippets/tjjm-gyms-data-6.liquid
Academy Of Striking & Grappling	Riverside	CA	snippets/tjjm-gyms-data-6.liquid
Gracie Barra Riverside Brazilian Jiu-Jitsu Martial Arts	Riverside	CA	snippets/tjjm-gyms-data-6.liquid
Riverside MMA	Riverside	CA	snippets/tjjm-gyms-data-6.liquid
Infinite Jiu-Jitsu	Rocklin	CA	snippets/tjjm-gyms-data-6.liquid
SLL Grappling Academy - Brazilian Jiu-Jitsu (BJJ)	Rocklin	CA	snippets/tjjm-gyms-data-6.liquid
Synergy Jiu-Jitsu Academy	Rocklin	CA	snippets/tjjm-gyms-data-6.liquid
UFC GYM Rocklin	Rocklin	CA	snippets/tjjm-gyms-data-6.liquid
GB Rohnert Park	Rohnert Park	CA	snippets/tjjm-gyms-data-6.liquid
10th Planet Sacramento	Sacramento	CA	snippets/tjjm-gyms-data-6.liquid
Capitol Jiu Jitsu	Sacramento	CA	snippets/tjjm-gyms-data-6.liquid
Logic Jiu Jitsu	Sacramento	CA	snippets/tjjm-gyms-data-6.liquid
Next Generation MMA & Fitness	Sacramento	CA	snippets/tjjm-gyms-data-6.liquid
Sacramento Brazilian Jiu Jitsu Academy - Yemaso BJJ	Sacramento	CA	snippets/tjjm-gyms-data-6.liquid
Sacramento Jiu Jitsu / Jiu-Jitsu Sacramento CA 95822	Sacramento	CA	snippets/tjjm-gyms-data-6.liquid
UFC GYM Sacramento	Sacramento	CA	snippets/tjjm-gyms-data-6.liquid
Urijah Faber's Ultimate Fitness	Sacramento	CA	snippets/tjjm-gyms-data-6.liquid
Salinas Jiu Jitsu & Personal Training	Salinas	CA	snippets/tjjm-gyms-data-6.liquid
Adrenaline MMA Gym	San Bernardino	CA	snippets/tjjm-gyms-data-6.liquid
Cobrinha Brazillian Jiu-Jitsu Academy (San Bernardino, California)	San Bernardino	CA	snippets/tjjm-gyms-data-6.liquid
Fight Strong MMA	San Clemente	CA	snippets/tjjm-gyms-data-6.liquid
GB San Clemente	San Clemente	CA	snippets/tjjm-gyms-data-6.liquid
Guillobel BJJ	San Clemente	CA	snippets/tjjm-gyms-data-6.liquid
4S Brazilian Jiu Jitsu / Jiu-Jitsu San Diego CA 92127	San Diego	CA	snippets/tjjm-gyms-data-6.liquid
Alliance San Diego	San Diego	CA	snippets/tjjm-gyms-data-6.liquid
Atos	San Diego	CA	snippets/tjjm-gyms-data-6.liquid
Boxing Club	San Diego	CA	snippets/tjjm-gyms-data-6.liquid
Clark Gracie Jiu Jitsu Academy	San Diego	CA	snippets/tjjm-gyms-data-6.liquid
Fabio Santos BJJ	San Diego	CA	snippets/tjjm-gyms-data-6.liquid
GB San Diego	San Diego	CA	snippets/tjjm-gyms-data-6.liquid
Legion AJJ	San Diego	CA	snippets/tjjm-gyms-data-6.liquid
Rodrigo Medeiros BJJ	San Diego	CA	snippets/tjjm-gyms-data-6.liquid
The Stronghold JJ	San Diego	CA	snippets/tjjm-gyms-data-6.liquid
Gracie Jiu-Jitsu San Dimas	San Dimas	CA	snippets/tjjm-gyms-data-6.liquid
Bay Jiu-Jitsu	San Francisco	CA	snippets/tjjm-gyms-data-6.liquid
BJJ at 11th Street Dojo by Nayo Fauntes (Clois Silva)	San Francisco	CA	snippets/tjjm-gyms-data-6.liquid
Cesar Gracie Jiu Jitsu	San Francisco	CA	snippets/tjjm-gyms-data-6.liquid
CS Jiu Jitsu Self Defense	San Francisco	CA	snippets/tjjm-gyms-data-6.liquid
El Niño Training Center	San Francisco	CA	snippets/tjjm-gyms-data-6.liquid
Evolve Training Center	San Francisco	CA	snippets/tjjm-gyms-data-6.liquid
Ralston Gracie Jiu Jitsu	San Francisco	CA	snippets/tjjm-gyms-data-6.liquid
Romulo Melo Brazilian Jiu-Jitsu	San Francisco	CA	snippets/tjjm-gyms-data-6.liquid
Studio86 Jiu Jitsu	San Francisco	CA	snippets/tjjm-gyms-data-6.liquid
American Kickboxing Academy	San Jose	CA	snippets/tjjm-gyms-data-6.liquid
Caio Terra Academy	San Jose	CA	snippets/tjjm-gyms-data-6.liquid
Claudio Franca Brazilian Jiu-Jitsu	San Jose	CA	snippets/tjjm-gyms-data-6.liquid
Gloglo Brazilian Jiu-jitsu, Kickboxing & Fitness Academy	San Jose	CA	snippets/tjjm-gyms-data-6.liquid
Guerrilla Jiu-Jitsu Martial Arts Academy	San Jose	CA	snippets/tjjm-gyms-data-6.liquid
I M C Survival Center	San Jose	CA	snippets/tjjm-gyms-data-6.liquid
Knoxx Martial Arts and Fitness	San Jose	CA	snippets/tjjm-gyms-data-6.liquid
Ralph Gracie Jiu Jitsu - San Jose	San Jose	CA	snippets/tjjm-gyms-data-6.liquid
Tribull MMA Center	San Jose	CA	snippets/tjjm-gyms-data-6.liquid
San Lorenzo Brazilian Jiu Jitsu	San Lorenzo	CA	snippets/tjjm-gyms-data-6.liquid
Paragon Brazilian Jiu Jitsu	San Luis Obispo	CA	snippets/tjjm-gyms-data-6.liquid
San Diego Brazilian Jiu-Jitsu & Mixed Martial Arts	San Marcos	CA	snippets/tjjm-gyms-data-6.liquid
10th Planet San Mateo	San Mateo	CA	snippets/tjjm-gyms-data-6.liquid
Charles Gracie San Mateo Academy	San Mateo	CA	snippets/tjjm-gyms-data-6.liquid
San Pedro Fight Club/ Ribeiro Jiu-Jitsu San Pedro	San Pedro	CA	snippets/tjjm-gyms-data-6.liquid
Warrior Brazilian Jiu Jitsu Academy	San Ramon	CA	snippets/tjjm-gyms-data-6.liquid
GB San Ysidro	San Ysidro	CA	snippets/tjjm-gyms-data-6.liquid
10th Planet Jiu Jitsu Costa Mesa	Santa Ana	CA	snippets/tjjm-gyms-data-6.liquid
GB Santa Ana	Santa Ana	CA	snippets/tjjm-gyms-data-6.liquid
Rocknroll Brazilian Jiu Jitsu & Fitness	Santa Ana	CA	snippets/tjjm-gyms-data-6.liquid
Tomacelli Academy: Brazilian Jiu-Jitsu & Mixed Martial Arts	Santa Ana	CA	snippets/tjjm-gyms-data-6.liquid
10th Planet Santa Barbara	Santa Barbara	CA	snippets/tjjm-gyms-data-6.liquid
Gracie Barra BJJ	Santa Barbara	CA	snippets/tjjm-gyms-data-6.liquid
Paragon Academy Jiu Jitsu-Boxing-Kickboxing Gym	Santa Barbara	CA	snippets/tjjm-gyms-data-6.liquid
Ralph Gracie Jiu Jitsu - Santa Clara	Santa Clara	CA	snippets/tjjm-gyms-data-6.liquid
GB Santa Clarita	Santa Clarita	CA	snippets/tjjm-gyms-data-6.liquid
Gracie Jiu-Jitsu Santa Clarita	Santa Clarita	CA	snippets/tjjm-gyms-data-6.liquid
Honor Roll Brazilian Jiu-Jitsu / BJJ Santa Clarita CA 91350	Santa Clarita	CA	snippets/tjjm-gyms-data-6.liquid
Ultra Brazilian Jiu-Jitsu & Mixed Martial Arts Santa Clarita	Santa Clarita	CA	snippets/tjjm-gyms-data-6.liquid
Gracie Jiu-Jitsu Santa Cruz	Santa Cruz	CA	snippets/tjjm-gyms-data-6.liquid
Kaijin MMA / West Cliff Jiu-Jitsu	Santa Cruz	CA	snippets/tjjm-gyms-data-6.liquid
New Breed Mixed Martial Arts & Fitness	Santa Fe Springs	CA	snippets/tjjm-gyms-data-6.liquid
Santa Maria Brazilian Jiu JITSU	Santa Maria	CA	snippets/tjjm-gyms-data-6.liquid
MC Brazilian Jiu Jitsu Club	Santa Monica	CA	snippets/tjjm-gyms-data-6.liquid
West Coast Jiu-Jitsu	Santa Paula	CA	snippets/tjjm-gyms-data-6.liquid
GB Santa Rosa	Santa Rosa	CA	snippets/tjjm-gyms-data-6.liquid
NorCal Fighting Alliance	Santa Rosa	CA	snippets/tjjm-gyms-data-6.liquid
Ringtime Fitness	Santa Rosa	CA	snippets/tjjm-gyms-data-6.liquid
Infinity Brazilian Jiu Jitsu	Santee	CA	snippets/tjjm-gyms-data-6.liquid
Chris Lisciandro’s Street Sports BJJ Club	Sherman Oaks	CA	snippets/tjjm-gyms-data-6.liquid
Valley Martial Arts Center	Sherman Oaks	CA	snippets/tjjm-gyms-data-6.liquid
Brazilian Top Team Long Beach	Signal Hill	CA	snippets/tjjm-gyms-data-6.liquid
Checkmat	Signal Hill	CA	snippets/tjjm-gyms-data-6.liquid
GB Simi Valley	Simi Valley	CA	snippets/tjjm-gyms-data-6.liquid
Watts Brazilian Jiu-Jitsu & Muay Thai Academy	Simi Valley	CA	snippets/tjjm-gyms-data-6.liquid
GB Santa Ynez Valley	Solvang	CA	snippets/tjjm-gyms-data-6.liquid
Sonora MMA Academy	Sonora	CA	snippets/tjjm-gyms-data-6.liquid
Connect Brazilian Jiu Jitsu	South Gate	CA	snippets/tjjm-gyms-data-6.liquid
Stanford BJJ	Stanford	CA	snippets/tjjm-gyms-data-6.liquid
DE LA O Jiu-Jitsu	Stanton	CA	snippets/tjjm-gyms-data-6.liquid
Andre de Freitas Brazilian Jiu-Jitsu / BJJ Stockton CA 95210	Stockton	CA	snippets/tjjm-gyms-data-6.liquid
Ares BJJ Stockton	Stockton	CA	snippets/tjjm-gyms-data-6.liquid
Shingu Fighter	Stockton	CA	snippets/tjjm-gyms-data-6.liquid
Stockton Jiu-Jitsu Academy	Stockton	CA	snippets/tjjm-gyms-data-6.liquid
Gracie Barra Studio City	Studio City	CA	snippets/tjjm-gyms-data-6.liquid
Train 4 Life	Suisun	CA	snippets/tjjm-gyms-data-6.liquid
UFC GYM Sunnyvale	Sunnyvale	CA	snippets/tjjm-gyms-data-6.liquid
Underground MMA and Amador gym and fitness	Sutter Creek	CA	snippets/tjjm-gyms-data-6.liquid
Kaiju MMA & Fitness	Tarzana	CA	snippets/tjjm-gyms-data-6.liquid
Carlson Gracie Wine Country Jiu Jitsu	Temecula	CA	snippets/tjjm-gyms-data-6.liquid
Dan Henderson's Athletic Fitness Center - Formerly Team Quest	Temecula	CA	snippets/tjjm-gyms-data-6.liquid
Lohaki Jiu Jitsu	Temecula	CA	snippets/tjjm-gyms-data-6.liquid
10th Planet Thousand Oaks	Thousand Oaks	CA	snippets/tjjm-gyms-data-6.liquid
GB Thousand Oaks	Thousand Oaks	CA	snippets/tjjm-gyms-data-6.liquid
10th Planet Torrance	Torrance	CA	snippets/tjjm-gyms-data-6.liquid
Excellence School of Jiu-Jitsu South Bay	Torrance	CA	snippets/tjjm-gyms-data-6.liquid
GB Redondo Beach	Torrance	CA	snippets/tjjm-gyms-data-6.liquid
Golden State BJJ	Torrance	CA	snippets/tjjm-gyms-data-6.liquid
Gracie Jiu-Jitsu Academy	Torrance	CA	snippets/tjjm-gyms-data-6.liquid
Gracie University Headquarters	Torrance	CA	snippets/tjjm-gyms-data-6.liquid
UFC GYM Torrance	Torrance	CA	snippets/tjjm-gyms-data-6.liquid
Charles Gracie Jiu-Jitsu Academy Tracy	Tracy	CA	snippets/tjjm-gyms-data-6.liquid
JG Academy - Jiu Jitsu & Fitness	Tracy	CA	snippets/tjjm-gyms-data-6.liquid
Open Mat Academy	Tracy	CA	snippets/tjjm-gyms-data-6.liquid
Turlock Academy Of Jiu-Jitsu	Turlock	CA	snippets/tjjm-gyms-data-6.liquid
One Jiu Jitsu	Tustin	CA	snippets/tjjm-gyms-data-6.liquid
Total MMA Studios	Tustin	CA	snippets/tjjm-gyms-data-6.liquid
The Agoge	Twentynine Palms	CA	snippets/tjjm-gyms-data-6.liquid
Dragon's Den Kajukenbo Club	Union City	CA	snippets/tjjm-gyms-data-6.liquid
Braga Jiu-Jitsu	Upland	CA	snippets/tjjm-gyms-data-6.liquid
GB Upland	Upland	CA	snippets/tjjm-gyms-data-6.liquid
Ralph Gracie Vacaville	Vacaville	CA	snippets/tjjm-gyms-data-6.liquid
Rodrigo Cardoso Brazilian Jiu-Jitsu Academy	Vacaville	CA	snippets/tjjm-gyms-data-6.liquid
Big John Mccarthy's Ultimate Training Gym	Valencia	CA	snippets/tjjm-gyms-data-6.liquid
Julio Juarez Brazilian Jiu-Jitsu	Valencia	CA	snippets/tjjm-gyms-data-6.liquid
Combat Fitness	Vallejo	CA	snippets/tjjm-gyms-data-6.liquid
Gracie Jiu-Jitsu Vallejo	Vallejo	CA	snippets/tjjm-gyms-data-6.liquid
Fight Factory MMA	Valley Village	CA	snippets/tjjm-gyms-data-6.liquid
10th Planet Jiu Jitsu Ventura / BJJ Ventura CA 93001	Ventura	CA	snippets/tjjm-gyms-data-6.liquid
GB Ventura	Ventura	CA	snippets/tjjm-gyms-data-6.liquid
Morumbi Jiu Jitsu & Fitness Academy - Ventura	Ventura	CA	snippets/tjjm-gyms-data-6.liquid
Paragon BJJ	Ventura	CA	snippets/tjjm-gyms-data-6.liquid
Rock And Roll Fight Company	Ventura	CA	snippets/tjjm-gyms-data-6.liquid
Elite Team Visalia Bjj	Visalia	CA	snippets/tjjm-gyms-data-6.liquid
Kajupit MMA & Fitness	Visalia	CA	snippets/tjjm-gyms-data-6.liquid
Outlaw MMA & Fitness	Visalia	CA	snippets/tjjm-gyms-data-6.liquid
Resilience Brazilian Jiu-Jitsu Academy	Visalia	CA	snippets/tjjm-gyms-data-6.liquid
Trifecta MMA/BJJ	Visalia	CA	snippets/tjjm-gyms-data-6.liquid
Gracie Jiu-Jitsu Vista	Vista	CA	snippets/tjjm-gyms-data-6.liquid
North Coast Jiu Jitsu / Jiu Jitsu Vista CA 92084	Vista	CA	snippets/tjjm-gyms-data-6.liquid
Caique Jiu Jitsu Walnut Academy	Walnut	CA	snippets/tjjm-gyms-data-6.liquid
Sampa Brazilian Jiu Jitsu Walnut	Walnut	CA	snippets/tjjm-gyms-data-6.liquid
10th Planet Walnut Creek	Walnut Creek	CA	snippets/tjjm-gyms-data-6.liquid
Champions Fitness Brazilian Jiu-JItsu Muay-Thai & Boxing	West Covina	CA	snippets/tjjm-gyms-data-6.liquid
GB West Covina	West Covina	CA	snippets/tjjm-gyms-data-6.liquid
Untamed Jiu-Jitsu	West Covina	CA	snippets/tjjm-gyms-data-6.liquid
GB West Lancaster	West Lancaster	CA	snippets/tjjm-gyms-data-6.liquid
Buena Vida Jiu Jitsu Academy	West Sacramento	CA	snippets/tjjm-gyms-data-6.liquid
Bas Rutten's Elite MMA	Westlake Village	CA	snippets/tjjm-gyms-data-6.liquid
Osvaldvo Alves Jiu-Jitsu Academy	Westlake Village	CA	snippets/tjjm-gyms-data-6.liquid
10th Planet Whittier	Whittier	CA	snippets/tjjm-gyms-data-6.liquid
GB Whittier	Whittier	CA	snippets/tjjm-gyms-data-6.liquid
GIT Right Sports Performance & MMA (Ralph Gracie Whittier)	Whittier	CA	snippets/tjjm-gyms-data-6.liquid
Gracie Jiu-Jitsu Whittier	Whittier	CA	snippets/tjjm-gyms-data-6.liquid
Tillis Brazilian Jiu Jitsu	Whittier	CA	snippets/tjjm-gyms-data-6.liquid
Carlson Gracie Inland Valley	Wildomar	CA	snippets/tjjm-gyms-data-6.liquid
Gracie Jiu-Jitsu Woodland Hills	Woodland Hills	CA	snippets/tjjm-gyms-data-6.liquid
Jean Jacques Machado Brazilian Jiu Jitsu Academy	Woodland Hills	CA	snippets/tjjm-gyms-data-6.liquid
ZR Brazilian Jiu-jitsu Thousand Oaks / BJJ Thousand Oaks CA 91362	Woodland Hills	CA	snippets/tjjm-gyms-data-6.liquid
GB Yorba Linda	Yorba Linda	CA	snippets/tjjm-gyms-data-6.liquid
GB Yuba City	Yuba City	CA	snippets/tjjm-gyms-data-6.liquid
BloodSpillerBJJ & Caveirinha Jiu Jitsu Academy	Yucaipa	CA	snippets/tjjm-gyms-data-6.liquid
Eagle Brazilian Jiu Jitsu	Yucaipa	CA	snippets/tjjm-gyms-data-6.liquid
10th Planet Jiu Jitsu Allentown	Allentown	PA	snippets/tjjm-gyms-data-22.liquid
Padilla Brazilian Jiu Jitsu	Allentown	PA	snippets/tjjm-gyms-data-22.liquid
Tiger Schulmann's Mixed Martial Arts Allentown	Allentown	PA	snippets/tjjm-gyms-data-22.liquid
Zombie Brazilian Jiu-Jitsu and MMA	Allentown	PA	snippets/tjjm-gyms-data-22.liquid
Pa-Grappling	Altoona	PA	snippets/tjjm-gyms-data-22.liquid
Ataraxis Brazilian Jiu-Jitsu & Self Defense	Ambler	PA	snippets/tjjm-gyms-data-22.liquid
5 Stones Fight Club	Annville	PA	snippets/tjjm-gyms-data-22.liquid
Main Line United Brazilian Jiu-Jitsu	Ardmore	PA	snippets/tjjm-gyms-data-22.liquid
Apgar Mixed Martial Arts	Bath	PA	snippets/tjjm-gyms-data-22.liquid
GB Beaver County	Beaver County	PA	snippets/tjjm-gyms-data-22.liquid
Raptor Academy of Martial Arts	Bellefonte	PA	snippets/tjjm-gyms-data-22.liquid
Ryan Wagner's Martial Arts & Fitness	Bensalem	PA	snippets/tjjm-gyms-data-22.liquid
Jade Studio	Berwyn	PA	snippets/tjjm-gyms-data-22.liquid
10th Planet Jiu-Jitsu Bethlehem	Bethlehem	PA	snippets/tjjm-gyms-data-22.liquid
Inverted Gear Academy	Bethlehem	PA	snippets/tjjm-gyms-data-22.liquid
Tiger Schulmann's Mixed Martial Arts Bethlehem	Bethlehem	PA	snippets/tjjm-gyms-data-22.liquid
No Limits Grappling Academy	Blakely	PA	snippets/tjjm-gyms-data-22.liquid
10th Planet BJJ Bloomsburg at Mid World Martial Arts	Bloomsburg	PA	snippets/tjjm-gyms-data-22.liquid
Bloomsburg Martial Arts Academy	Bloomsburg	PA	snippets/tjjm-gyms-data-22.liquid
World Class Martial Arts	Boothwyn	PA	snippets/tjjm-gyms-data-22.liquid
Hellfish Mixed Martial Arts	Bridgeport	PA	snippets/tjjm-gyms-data-22.liquid
Zezinho's Mota Jiu-Jitsu School	Bridgeville	PA	snippets/tjjm-gyms-data-22.liquid
Keystone Boxing & MMA Gym	Bristol	PA	snippets/tjjm-gyms-data-22.liquid
Keystone Brazilian Jiu-Jitsu & Mixed Martial Arts	Bristol	PA	snippets/tjjm-gyms-data-22.liquid
Gracie Barra Carlisle	Carlisle	PA	snippets/tjjm-gyms-data-22.liquid
Delaware Jiu Jitsu	Chadds Ford	PA	snippets/tjjm-gyms-data-22.liquid
Rosendo Diaz Brazilian Jiu-Jitsu	Chalfont	PA	snippets/tjjm-gyms-data-22.liquid
Clarion MMA	Clarion	PA	snippets/tjjm-gyms-data-22.liquid
Tiger Schulmann's Mixed Martial Arts Colmar	Colmar	PA	snippets/tjjm-gyms-data-22.liquid
Hart Jiu Jitsu, Kickboxing and Mixed Martial Arts	Conshohocken	PA	snippets/tjjm-gyms-data-22.liquid
Rise 8 Training Academy	Coraopolis	PA	snippets/tjjm-gyms-data-22.liquid
Paramount Brazilian Jiu-Jitsu	Downingtown	PA	snippets/tjjm-gyms-data-22.liquid
Combat Fitness Martial Arts	Doylestown	PA	snippets/tjjm-gyms-data-22.liquid
REAKT - Team Renzo Gracie	DuBois	PA	snippets/tjjm-gyms-data-22.liquid
Gracie Sports Team	Dunmore	PA	snippets/tjjm-gyms-data-22.liquid
Scranton MMA	Dunmore	PA	snippets/tjjm-gyms-data-22.liquid
NEPA Mixed Martial Arts	Edwardsville	PA	snippets/tjjm-gyms-data-22.liquid
Ephrata Martial Arts	Ephrata	PA	snippets/tjjm-gyms-data-22.liquid
Lancaster Brazilian Jiu Jitsu	Ephrata	PA	snippets/tjjm-gyms-data-22.liquid
Crush Crew Jiu Jitsu	Erdenheim	PA	snippets/tjjm-gyms-data-22.liquid
Mata Leão Jiu-Jitsu	Erie	PA	snippets/tjjm-gyms-data-22.liquid
Grindhouse MMA & Fitness	Feasterville-Trevose	PA	snippets/tjjm-gyms-data-22.liquid
Tiger Schulmann's Mixed Martial Arts Feasterville	Feasterville-Trevose	PA	snippets/tjjm-gyms-data-22.liquid
Quintella MMA	Folsom	PA	snippets/tjjm-gyms-data-22.liquid
Tsunami Academy of Martial Arts	Gettysburg	PA	snippets/tjjm-gyms-data-22.liquid
Sentry Jiu-Jitsu	Gilbertsville	PA	snippets/tjjm-gyms-data-22.liquid
Fundamental Jiujitsu	Glenside	PA	snippets/tjjm-gyms-data-22.liquid
Tactical Combat Academy MMA - Greencastle	Greencastle	PA	snippets/tjjm-gyms-data-22.liquid
High Ground Jiu-Jitsu	Greensburg	PA	snippets/tjjm-gyms-data-22.liquid
Pennsylvania Combat Sports	Greensburg	PA	snippets/tjjm-gyms-data-22.liquid
Deep Water Brazilian Jiu Jitsu	Harrisburg	PA	snippets/tjjm-gyms-data-22.liquid
Harrisburg Mixed Martial Arts	Harrisburg	PA	snippets/tjjm-gyms-data-22.liquid
Saga BJJ	Hatboro	PA	snippets/tjjm-gyms-data-22.liquid
Renzo Gracie Pennsylvania	Hatfield	PA	snippets/tjjm-gyms-data-22.liquid
Spear Jiu Jitsu	Havertown	PA	snippets/tjjm-gyms-data-22.liquid
Hermitage Brazilian Jiu Jitsu	Hermitage	PA	snippets/tjjm-gyms-data-22.liquid
East Montgomery Martial Arts	Horsham	PA	snippets/tjjm-gyms-data-22.liquid
Tiger Schulmann's Mixed Martial Arts Horsham	Horsham	PA	snippets/tjjm-gyms-data-22.liquid
Complete Martial Arts Club of Hershey	Hummelstown	PA	snippets/tjjm-gyms-data-22.liquid
Kozma Brazilian Jiu-Jitsu	Huntingdon Valley	PA	snippets/tjjm-gyms-data-22.liquid
Elite Combative Systems	Indiana	PA	snippets/tjjm-gyms-data-22.liquid
Brazilian Jiu-Jitsu United	Jenkintown	PA	snippets/tjjm-gyms-data-22.liquid
Flood City JiuJitsu	Johnstown	PA	snippets/tjjm-gyms-data-22.liquid
Algeo MMA and Kickboxing	King of Prussia	PA	snippets/tjjm-gyms-data-22.liquid
Green Jiu Jitsu	King of Prussia	PA	snippets/tjjm-gyms-data-22.liquid
Precision Jiu-Jitsu	King of Prussia	PA	snippets/tjjm-gyms-data-22.liquid
Achieve Jiu Jitsu Academy	Lancaster	PA	snippets/tjjm-gyms-data-22.liquid
Gracie 717	Lancaster	PA	snippets/tjjm-gyms-data-22.liquid
Jiu Jitsu One	Lancaster	PA	snippets/tjjm-gyms-data-22.liquid
UFC GYM Lancaster	Lancaster	PA	snippets/tjjm-gyms-data-22.liquid
MPR Endurance MMA	Langhorne	PA	snippets/tjjm-gyms-data-22.liquid
ONEPUNCH Boxing and MMA Jujitsu Gym	Langhorne	PA	snippets/tjjm-gyms-data-22.liquid
UFC GYM Lansdale	Lansdale	PA	snippets/tjjm-gyms-data-22.liquid
Ground Zero Pittsburgh	Latrobe	PA	snippets/tjjm-gyms-data-22.liquid
All-American MMA Academy	Lemont Furnace	PA	snippets/tjjm-gyms-data-22.liquid
Harrisburg Brazilian Jiu Jitsu and Judo	Lemoyne	PA	snippets/tjjm-gyms-data-22.liquid
Ramsey Academy of Martial Arts	Lewisburg	PA	snippets/tjjm-gyms-data-22.liquid
Dragon Gym Malvern	Malvern	PA	snippets/tjjm-gyms-data-22.liquid
Elite Edge Boxing & Jiu Jitsu	Malvern	PA	snippets/tjjm-gyms-data-22.liquid
Competitive Edge Martial Arts	Maple Glen	PA	snippets/tjjm-gyms-data-22.liquid
House of Arts Jiu Jitsu	Media	PA	snippets/tjjm-gyms-data-22.liquid
Armezzani Jiu Jitsu Academy	Monaca	PA	snippets/tjjm-gyms-data-22.liquid
Octane Martial Arts	Monongahela	PA	snippets/tjjm-gyms-data-22.liquid
Good Vibes Brazilian Jiu Jitsu	Morrisville	PA	snippets/tjjm-gyms-data-22.liquid
The Vault Jiu Jitsu	Morton	PA	snippets/tjjm-gyms-data-22.liquid
Miloki Flow Jiu Jitsu & Movement	Narberth	PA	snippets/tjjm-gyms-data-22.liquid
10th Planet Nazareth	Nazareth	PA	snippets/tjjm-gyms-data-22.liquid
Onyx Combat Sports	Newtown Square	PA	snippets/tjjm-gyms-data-22.liquid
Bucks MMA	Newtown	PA	snippets/tjjm-gyms-data-22.liquid
Ricardo Almeida Brazilian Jiu Jitsu & Martial Arts	Newtown	PA	snippets/tjjm-gyms-data-22.liquid
Beltrante Fighting Systems	Norristown	PA	snippets/tjjm-gyms-data-22.liquid
Elite Mixed Martial Arts	Northampton	PA	snippets/tjjm-gyms-data-22.liquid
Gracie NEPA Grappling Club	Olyphant	PA	snippets/tjjm-gyms-data-22.liquid
Boa Brazilian Jiu Jitsu	Orwigsburg	PA	snippets/tjjm-gyms-data-22.liquid
Schuylkill County Brazilian Jiu Jitsu	Orwigsburg	PA	snippets/tjjm-gyms-data-22.liquid
Rat Pack Fighting Systems	Palmerton	PA	snippets/tjjm-gyms-data-22.liquid
Chosen Martial Arts Academy	Palmyra	PA	snippets/tjjm-gyms-data-22.liquid
Daniel Gracie BJJ	Philadelphia	PA	snippets/tjjm-gyms-data-22.liquid
Fight Firm	Philadelphia	PA	snippets/tjjm-gyms-data-22.liquid
Marquez MMA	Philadelphia	PA	snippets/tjjm-gyms-data-22.liquid
Philadelphia Jiu-Jitsu	Philadelphia	PA	snippets/tjjm-gyms-data-22.liquid
RH Studios BJJ	Philadelphia	PA	snippets/tjjm-gyms-data-22.liquid
SAS Philadelphia Brazilian Jiu-Jitsu	Philadelphia	PA	snippets/tjjm-gyms-data-22.liquid
Shorty's Brazilian Jiu Jitsu	Philadelphia	PA	snippets/tjjm-gyms-data-22.liquid
The Jiu Jitsu Company	Philadelphia	PA	snippets/tjjm-gyms-data-22.liquid
Undisputed MMA	Philadelphia	PA	snippets/tjjm-gyms-data-22.liquid
Alliance Pennsylvania Jiu-Jitsu	Phoenixville	PA	snippets/tjjm-gyms-data-22.liquid
Gracie Jiu Jitsu Phoenixville	Phoenixville	PA	snippets/tjjm-gyms-data-22.liquid
USA MMA Academy	Phoenixville	PA	snippets/tjjm-gyms-data-22.liquid
Personal Training Tactics by Don Kaecher	Pittsburgh	PA	snippets/tjjm-gyms-data-22.liquid
Renzo Gracie Pittsburgh	Pittsburgh	PA	snippets/tjjm-gyms-data-22.liquid
Steel City Martial Arts	Pittsburgh	PA	snippets/tjjm-gyms-data-22.liquid
The Academy of Martial Arts and Fitness	Pittsburgh	PA	snippets/tjjm-gyms-data-22.liquid
True Believer Jiu Jitsu	Pittsburgh	PA	snippets/tjjm-gyms-data-22.liquid
American Top Team Happy Valley	Pleasant Gap	PA	snippets/tjjm-gyms-data-22.liquid
Droogs MMA & Jiu Jitsu	Pottstown	PA	snippets/tjjm-gyms-data-22.liquid
Mountain Road Jiu-Jitsu	Pottsville	PA	snippets/tjjm-gyms-data-22.liquid
Quakertown Academy of MMA & Fitness	Quakertown	PA	snippets/tjjm-gyms-data-22.liquid
Berks County Brazilian Jiu-Jitsu	Reading	PA	snippets/tjjm-gyms-data-22.liquid
Team Pereira / Jucao Mixed Martial Arts Academy	Reading	PA	snippets/tjjm-gyms-data-22.liquid
Mace MMA	Red Lion	PA	snippets/tjjm-gyms-data-22.liquid
Gracie Jiu-Jitsu Richboro	Richboro	PA	snippets/tjjm-gyms-data-22.liquid
Movement Art Jiu-Jitsu	Richboro	PA	snippets/tjjm-gyms-data-22.liquid
High Voltage Gym	Royersford	PA	snippets/tjjm-gyms-data-22.liquid
Empower Jiu Jitsu	Sarver	PA	snippets/tjjm-gyms-data-22.liquid
Precision Jiu Jitsu Spring Mount	Schwenksville	PA	snippets/tjjm-gyms-data-22.liquid
Pride Lands MMA Academy	Scranton	PA	snippets/tjjm-gyms-data-22.liquid
Elite Performance Combat Club	Shamokin	PA	snippets/tjjm-gyms-data-22.liquid
Sion Brazilian JiuJitsu	Southampton	PA	snippets/tjjm-gyms-data-22.liquid
Spring Grove Brazilian Jiu-Jitsu	Spring Grove	PA	snippets/tjjm-gyms-data-22.liquid
Central PA Mixed Martial Arts	State College	PA	snippets/tjjm-gyms-data-22.liquid
LombardMMA	State College	PA	snippets/tjjm-gyms-data-22.liquid
American Killer Bees PA MMA & BJJ	Stroudsburg	PA	snippets/tjjm-gyms-data-22.liquid
Renzo Gracie Pocono / Jiu Jitsu Asylum	Stroudsburg	PA	snippets/tjjm-gyms-data-22.liquid
Northeastern Ju Jitsu	Swoyersville	PA	snippets/tjjm-gyms-data-22.liquid
Edge Fitness & Martial Arts	Towanda	PA	snippets/tjjm-gyms-data-22.liquid
X-Treme MMA American Top Team	Warrington	PA	snippets/tjjm-gyms-data-22.liquid
Elite Martial Arts Center	Waynesboro	PA	snippets/tjjm-gyms-data-22.liquid
Team Junqueira Pittsburgh	Wexford	PA	snippets/tjjm-gyms-data-22.liquid
Bad Company Jiu-Jitsu	Wilkes-Barre	PA	snippets/tjjm-gyms-data-22.liquid
Williamsport School of Self Defense	Williamsport	PA	snippets/tjjm-gyms-data-22.liquid
Delco Brazilian Jiu-Jitsu	Woodlyn	PA	snippets/tjjm-gyms-data-22.liquid
East York Brazilian Jiu Jitsu	York	PA	snippets/tjjm-gyms-data-22.liquid
Red Lion BJJ	York	PA	snippets/tjjm-gyms-data-22.liquid
York Brazilian Jiu Jitsu	York	PA	snippets/tjjm-gyms-data-22.liquid
York Mixed Martial Arts Academy	York	PA	snippets/tjjm-gyms-data-22.liquid
Zero Brazilian Jiu Jitsu	York	PA	snippets/tjjm-gyms-data-22.liquid
Stout PGH - Zelienople/North	Zelienople	PA	snippets/tjjm-gyms-data-22.liquid
Grizzly MMA	Alamosa	CO	snippets/tjjm-gyms-data-3.liquid
Genesis Training Academy	Arvada	CO	snippets/tjjm-gyms-data-3.liquid
The Academy of Brazilian Jiujitsu	Arvada	CO	snippets/tjjm-gyms-data-3.liquid
Gracie Barra Saddle Rock Jiu-Jitsu	Aurora	CO	snippets/tjjm-gyms-data-3.liquid
Gracie Jiu-Jitsu Aurora	Aurora	CO	snippets/tjjm-gyms-data-3.liquid
High Altitude Martial Arts	Aurora	CO	snippets/tjjm-gyms-data-3.liquid
Onyx Jiu Jitsu	Aurora	CO	snippets/tjjm-gyms-data-3.liquid
Portela Brazilian Jiu-Jitsu	Aurora	CO	snippets/tjjm-gyms-data-3.liquid
Way of Jiu Jitsu - Aurora	Aurora	CO	snippets/tjjm-gyms-data-3.liquid
Hybrid Nation Martial Arts	Avon	CO	snippets/tjjm-gyms-data-3.liquid
Inyodo Martial Arts	Avon	CO	snippets/tjjm-gyms-data-3.liquid
Easton Training Center - Boulder	Boulder	CO	snippets/tjjm-gyms-data-3.liquid
Wolchek Academy of Martial Arts	Boulder	CO	snippets/tjjm-gyms-data-3.liquid
Frontline Wrestling and Jiu-Jitsu Academy	Brighton	CO	snippets/tjjm-gyms-data-3.liquid
Vibrant Jiu Jitsu	Brighton	CO	snippets/tjjm-gyms-data-3.liquid
Elemental Brazilian Jiu Jitsu	Broomfield	CO	snippets/tjjm-gyms-data-3.liquid
Full Circle Martial Arts	Broomfield	CO	snippets/tjjm-gyms-data-3.liquid
Limitless Martial Arts	Broomfield	CO	snippets/tjjm-gyms-data-3.liquid
Stars Training Center	Broomfield	CO	snippets/tjjm-gyms-data-3.liquid
Zingano Brazilian Jiu Jitsu	Broomfield	CO	snippets/tjjm-gyms-data-3.liquid
Gracie Jiu-Jitsu Canon City	Canon City	CO	snippets/tjjm-gyms-data-3.liquid
Carbondale Training Center (Rising Crane)	Carbondale	CO	snippets/tjjm-gyms-data-3.liquid
Tribal Society BJJ	Carbondale	CO	snippets/tjjm-gyms-data-3.liquid
Bom Jitsu Brazilian Jiu Jitsu	Castle Rock	CO	snippets/tjjm-gyms-data-3.liquid
Carlson Gracie Jiujitsu Team Castle Rock	Castle Rock	CO	snippets/tjjm-gyms-data-3.liquid
Fulcrum Jiu Jitsu Academy	Castle Rock	CO	snippets/tjjm-gyms-data-3.liquid
GB Castle Rock	Castle Rock	CO	snippets/tjjm-gyms-data-3.liquid
Matrix Martial Arts	Castle Rock	CO	snippets/tjjm-gyms-data-3.liquid
Black Tie Brazilian Jiu Jitsu - Colorado	Centennial	CO	snippets/tjjm-gyms-data-3.liquid
Busy Brazilian Jiu-Jitsu & Fitness	Centennial	CO	snippets/tjjm-gyms-data-3.liquid
Easton Training Center Centennial	Centennial	CO	snippets/tjjm-gyms-data-3.liquid
GB Centennial	Centennial	CO	snippets/tjjm-gyms-data-3.liquid
Valor BJJ & Fitness	Centennial	CO	snippets/tjjm-gyms-data-3.liquid
10th Planet Colorado Springs	Colorado Springs	CO	snippets/tjjm-gyms-data-3.liquid
719 Fight Team MMA	Colorado Springs	CO	snippets/tjjm-gyms-data-3.liquid
Altitude MMA	Colorado Springs	CO	snippets/tjjm-gyms-data-3.liquid
Cies MMA	Colorado Springs	CO	snippets/tjjm-gyms-data-3.liquid
DC Fighters USA	Colorado Springs	CO	snippets/tjjm-gyms-data-3.liquid
DICTATE Tactical Training Center	Colorado Springs	CO	snippets/tjjm-gyms-data-3.liquid
GB Colorado Springs	Colorado Springs	CO	snippets/tjjm-gyms-data-3.liquid
Gracie Jiu-Jitsu Colorado Springs	Colorado Springs	CO	snippets/tjjm-gyms-data-3.liquid
Iron Forged Martial Arts	Colorado Springs	CO	snippets/tjjm-gyms-data-3.liquid
Kraken Brazilian Jiu-Jitsu & Fitness	Colorado Springs	CO	snippets/tjjm-gyms-data-3.liquid
Mercs Jiu-jitsu MMA Fitness	Colorado Springs	CO	snippets/tjjm-gyms-data-3.liquid
Pariah MMA and Fitness	Colorado Springs	CO	snippets/tjjm-gyms-data-3.liquid
Peak Mixed Martial Arts Academy	Colorado Springs	CO	snippets/tjjm-gyms-data-3.liquid
Prime Brazilian Jiu-Jitsu	Colorado Springs	CO	snippets/tjjm-gyms-data-3.liquid
Renzo Gracie Colorado	Colorado Springs	CO	snippets/tjjm-gyms-data-3.liquid
Team Chaotic Combat Sports and Fitness	Colorado Springs	CO	snippets/tjjm-gyms-data-3.liquid
The HQ - Jiu Jitsu Headquarters	Colorado Springs	CO	snippets/tjjm-gyms-data-3.liquid
True Martial Arts Center	Colorado Springs	CO	snippets/tjjm-gyms-data-3.liquid
Victory MMA	Colorado Springs	CO	snippets/tjjm-gyms-data-3.liquid
Warrior Fitness Center	Colorado Springs	CO	snippets/tjjm-gyms-data-3.liquid
Wilson Bros. Grappling	Colorado Springs	CO	snippets/tjjm-gyms-data-3.liquid
Conifer Jiu Jitsu & Fitness	Conifer	CO	snippets/tjjm-gyms-data-3.liquid
Avenge Jiu Jitsu	Denver	CO	snippets/tjjm-gyms-data-3.liquid
Colorado Brazilian Jiu Jitsu Satori	Denver	CO	snippets/tjjm-gyms-data-3.liquid
Dark Horse Combat Club	Denver	CO	snippets/tjjm-gyms-data-3.liquid
Denver Jiu Jitsu - Rodrigo Salazar Team	Denver	CO	snippets/tjjm-gyms-data-3.liquid
Denver Judo	Denver	CO	snippets/tjjm-gyms-data-3.liquid
Easton BJJ Lowry	Denver	CO	snippets/tjjm-gyms-data-3.liquid
Edge MMA and Fitness	Denver	CO	snippets/tjjm-gyms-data-3.liquid
Fusion Combat Training Center	Denver	CO	snippets/tjjm-gyms-data-3.liquid
Gracie Barra Denver Jiu-Jitsu	Denver	CO	snippets/tjjm-gyms-data-3.liquid
Logos Jiu Jitsu	Denver	CO	snippets/tjjm-gyms-data-3.liquid
Low Summit Jiu Jitsu	Denver	CO	snippets/tjjm-gyms-data-3.liquid
Morning Star Jiu Jitsu	Denver	CO	snippets/tjjm-gyms-data-3.liquid
Red Dragon Jujitsu Club	Denver	CO	snippets/tjjm-gyms-data-3.liquid
The Kompound Training Center	Denver	CO	snippets/tjjm-gyms-data-3.liquid
Train. Fight. Win. MMA & Fitness	Denver	CO	snippets/tjjm-gyms-data-3.liquid
Tri-Town Brazilian Jiu Jitsu	Denver	CO	snippets/tjjm-gyms-data-3.liquid
Way of Jiu Jitsu Academy	Denver	CO	snippets/tjjm-gyms-data-3.liquid
Element Brazilian Jiu Jitsu	Eaton	CO	snippets/tjjm-gyms-data-3.liquid
Factory X Muay Thai / MMA / BJJ	Englewood	CO	snippets/tjjm-gyms-data-3.liquid
Guetho BJJ Denver	Englewood	CO	snippets/tjjm-gyms-data-3.liquid
Nova Mente Jiu Jitsu Academy	Englewood	CO	snippets/tjjm-gyms-data-3.liquid
Motive Jiu-Jitsu Academy	Erie	CO	snippets/tjjm-gyms-data-3.liquid
Brazilian Top Team Evergreen	Evergreen	CO	snippets/tjjm-gyms-data-3.liquid
Gracie Jiu-Jitsu Fort Collins	Fort Collins	CO	snippets/tjjm-gyms-data-3.liquid
Inspire Brazilian Jiu Jitsu Academy	Fort Collins	CO	snippets/tjjm-gyms-data-3.liquid
McMahon Brazilian Jiu-Jitsu Academy	Fort Collins	CO	snippets/tjjm-gyms-data-3.liquid
Shugyo Training Center	Fort Collins	CO	snippets/tjjm-gyms-data-3.liquid
The Dojo LLC	Fort Collins	CO	snippets/tjjm-gyms-data-3.liquid
Total Ryu Martial Arts	Fort Collins	CO	snippets/tjjm-gyms-data-3.liquid
Trials Martial Arts & Fitness	Fort Collins	CO	snippets/tjjm-gyms-data-3.liquid
Summit County Jiu Jitsu	Frisco	CO	snippets/tjjm-gyms-data-3.liquid
Denver Grappling Club	Golden	CO	snippets/tjjm-gyms-data-3.liquid
Mountain Beast MMA & Fitness	Granby	CO	snippets/tjjm-gyms-data-3.liquid
Golden Fights MMA Gym	Grand Junction	CO	snippets/tjjm-gyms-data-3.liquid
Gracie Jiu-Jitsu Grand Junction	Grand Junction	CO	snippets/tjjm-gyms-data-3.liquid
Grand Valley Brazilian Jiu Jitsu	Grand Junction	CO	snippets/tjjm-gyms-data-3.liquid
Renegade BJJ and MMA	Greeley	CO	snippets/tjjm-gyms-data-3.liquid
Gunnison Jiu-Jitsu	Gunnison	CO	snippets/tjjm-gyms-data-3.liquid
Competitive Edge Mixed Martial Arts of Highlands Ranch	Highlands Ranch	CO	snippets/tjjm-gyms-data-3.liquid
10th Planet Jiu Jitsu Boulder - Lafayette	Lafayette	CO	snippets/tjjm-gyms-data-3.liquid
Chroma Jiu-Jitsu	Lafayette	CO	snippets/tjjm-gyms-data-3.liquid
Atos BJJ Lakewood	Lakewood	CO	snippets/tjjm-gyms-data-3.liquid
Flo Life BJJ + Colorado Holistic Martial Arts	Lakewood	CO	snippets/tjjm-gyms-data-3.liquid
Imperial Jiu Jitsu / Kickboxing	Lakewood	CO	snippets/tjjm-gyms-data-3.liquid
Lakewood Martial Arts	Lakewood	CO	snippets/tjjm-gyms-data-3.liquid
Peak Kickboxing & Jiu-Jitsu	Lakewood	CO	snippets/tjjm-gyms-data-3.liquid
Seo's Martial Arts	Lakewood	CO	snippets/tjjm-gyms-data-3.liquid
The Sanctuary Brazilian JiuJitsu and Fitness	Lakewood	CO	snippets/tjjm-gyms-data-3.liquid
Easton Training Center Littleton	Littleton	CO	snippets/tjjm-gyms-data-3.liquid
Gracie Judo Club	Littleton	CO	snippets/tjjm-gyms-data-3.liquid
Katharo Training Center - Jiu-Jitsu and Fitness	Littleton	CO	snippets/tjjm-gyms-data-3.liquid
Kompound Training Center	Littleton	CO	snippets/tjjm-gyms-data-3.liquid
UFC GYM Lone Tree	Lone Tree	CO	snippets/tjjm-gyms-data-3.liquid
Dark Horse Brazilian Jiu Jitsu	Longmont	CO	snippets/tjjm-gyms-data-3.liquid
Easton BJJ Longmont	Longmont	CO	snippets/tjjm-gyms-data-3.liquid
Infinite Jiu-Jitsu Academy	Loveland	CO	snippets/tjjm-gyms-data-3.liquid
Infinite MMA Academy	Loveland	CO	snippets/tjjm-gyms-data-3.liquid
Kingsnake Jiu-Jitsu	Loveland	CO	snippets/tjjm-gyms-data-3.liquid
Northern Colorado Jiu Jitsu	Loveland	CO	snippets/tjjm-gyms-data-3.liquid
Agoge Jiu Jitsu	Montrose	CO	snippets/tjjm-gyms-data-3.liquid
Montrose Brazilian Jiu-Jitsu	Montrose	CO	snippets/tjjm-gyms-data-3.liquid
The Academy of Martial Arts - Monument Jiu-Jitsu	Monument	CO	snippets/tjjm-gyms-data-3.liquid
Ground Zero Roaring Fork Valley BJJ	New Castle	CO	snippets/tjjm-gyms-data-3.liquid
Rocky Mountain Jiu Jitsu	Northglenn	CO	snippets/tjjm-gyms-data-3.liquid
10th Planet DSU Parker	Parker	CO	snippets/tjjm-gyms-data-3.liquid
5280 Martial Arts	Parker	CO	snippets/tjjm-gyms-data-3.liquid
GB Parker	Parker	CO	snippets/tjjm-gyms-data-3.liquid
Jit Pit Academy	Parker	CO	snippets/tjjm-gyms-data-3.liquid
Kurusan Jiu-Jitsu & Kickboxing	Parker	CO	snippets/tjjm-gyms-data-3.liquid
Otomi Martial Arts	Parker	CO	snippets/tjjm-gyms-data-3.liquid
Zenith Authentic Brazilian Jiu-Jitsu	Parker	CO	snippets/tjjm-gyms-data-3.liquid
Combative Fighting Systems Brazilian Jiu Jitsu	Peyton	CO	snippets/tjjm-gyms-data-3.liquid
Childress Brazilian Jiu-Jitsu	Pueblo	CO	snippets/tjjm-gyms-data-3.liquid
Gracie Barra Pueblo	Pueblo	CO	snippets/tjjm-gyms-data-3.liquid
Pacific Warrior MMA - BJJ with Coach Kyle Hagen	Pueblo	CO	snippets/tjjm-gyms-data-3.liquid
14ers Jiu Jitsu	Salida	CO	snippets/tjjm-gyms-data-3.liquid
Easton Brazilian Jiu Jitsu Thornton	Thornton	CO	snippets/tjjm-gyms-data-3.liquid
DCO MMA & Fitness	Westminster	CO	snippets/tjjm-gyms-data-3.liquid
Flatirons Mixed Martial Arts Academy	Westminster	CO	snippets/tjjm-gyms-data-3.liquid
FusBoxe Sambo 1 Martial Arts	Westminster	CO	snippets/tjjm-gyms-data-3.liquid
Rebellion Self Defense & GJJ	Westminster	CO	snippets/tjjm-gyms-data-3.liquid
ETHOS Colorado	Wheat Ridge	CO	snippets/tjjm-gyms-data-3.liquid
Easton BJJ Arvada	Wheat Ridge	CO	snippets/tjjm-gyms-data-3.liquid
Discipleship Jiu-Jitsu	Woodland Park	CO	snippets/tjjm-gyms-data-3.liquid
Fight Factory	Brooklyn	NY	snippets/tjjm-gyms-data-36.liquid
Spirit Martial Arts	Queens	NY	snippets/tjjm-gyms-data-36.liquid
Tiger Schulmann's Martial Arts Chelsea (New York City) NY	New York	NY	snippets/tjjm-gyms-data-36.liquid
East West MMA	Seldon	NY	snippets/tjjm-gyms-data-36.liquid
Krystek School of Judo, BJJ, Self Defense and Fitness	Queens	NY	snippets/tjjm-gyms-data-36.liquid
Red Dawn Combat Club- Fresh Meadows	Fresh Meadows	NY	snippets/tjjm-gyms-data-36.liquid
Gracie Jiu-Jitsu New York	Bronx	NY	snippets/tjjm-gyms-data-36.liquid
Utica Combat Athletics	Utica	NY	snippets/tjjm-gyms-data-36.liquid
Shōgun Jiu Jitsu Academy	Webster	NY	snippets/tjjm-gyms-data-36.liquid
Gracie Jiu-Jitsu Victor	Victor	NY	snippets/tjjm-gyms-data-36.liquid
Kings Combat Fitness	Rego Park	NY	snippets/tjjm-gyms-data-36.liquid
Tiger Schulmann's Martial Arts Fresh Meadows (Queens) NY	Queens	NY	snippets/tjjm-gyms-data-36.liquid
Kfm Martial Arts & Fitness Academy	Lynbrook	NY	snippets/tjjm-gyms-data-36.liquid
Renzo Gracie Staten Island	Staten Island	NY	snippets/tjjm-gyms-data-36.liquid
Evolution Muay Thai	New York	NY	snippets/tjjm-gyms-data-36.liquid
Tiger Schulmann's Martial Arts Rockville Centre NY	Rockville Centre	NY	snippets/tjjm-gyms-data-36.liquid
Tiger Schulmann's Martial Arts Upper East Side (New York City) NY	New York	NY	snippets/tjjm-gyms-data-36.liquid
Williamsburg MMA	Brooklyn	NY	snippets/tjjm-gyms-data-36.liquid
Jkd NYC	New York	NY	snippets/tjjm-gyms-data-36.liquid
Gotham Jiu Jitsu	New York	NY	snippets/tjjm-gyms-data-36.liquid
Workshop NYC	New York	NY	snippets/tjjm-gyms-data-36.liquid
Tiger Schulmann's Martial Arts Huntington NY	Huntington	NY	snippets/tjjm-gyms-data-36.liquid
Westchester Fight Club	New Rochelle	NY	snippets/tjjm-gyms-data-36.liquid
Park Slope Academy of Brazilian Jiu-Jitsu	Brooklyn	NY	snippets/tjjm-gyms-data-36.liquid
Mayo Kickboxing & MMA Academy	Queens	NY	snippets/tjjm-gyms-data-36.liquid
Long Beach Jiu Jitsu	Long Beach	NY	snippets/tjjm-gyms-data-36.liquid
Sas Jiu Jitsu Syracuse	Syracuse	NY	snippets/tjjm-gyms-data-36.liquid
Curtis Tillman's Mixed Martial Arts Academy	Cicero	NY	snippets/tjjm-gyms-data-36.liquid
Rockland Brazilian Jiu-Jitsu	Nanuet	NY	snippets/tjjm-gyms-data-36.liquid
MCF Warpath Boxing and MMA Academy	Bronx	NY	snippets/tjjm-gyms-data-36.liquid
Tiger Schulmann's Martial Arts Bayside (Queens) NY	Queens	NY	snippets/tjjm-gyms-data-36.liquid
At Jiu-Jitsu NYC	Queens	NY	snippets/tjjm-gyms-data-36.liquid
Lake Effect Martial Arts	Depew	NY	snippets/tjjm-gyms-data-36.liquid
Modern Martial Arts Astoria	Queens	NY	snippets/tjjm-gyms-data-36.liquid
Renzo Gracie Whitestone	Whitestone	NY	snippets/tjjm-gyms-data-36.liquid
10th Planet Rochester	Rochester	NY	snippets/tjjm-gyms-data-36.liquid
Tiger Schulmann's Martial Arts Nanuet NY	Nanuet	NY	snippets/tjjm-gyms-data-36.liquid
LockDown BJJ	Lake Ronkonkoma	NY	snippets/tjjm-gyms-data-36.liquid
Brooklyn Motumbaxé Capoeira Jiu Jitsu--Mestre Lampréia	Brooklyn	NY	snippets/tjjm-gyms-data-36.liquid
Oneonta Jiu Jitsu Academy	Oneonta	NY	snippets/tjjm-gyms-data-36.liquid
Brazilian Jiu Jitsu of Washington Heights	New York	NY	snippets/tjjm-gyms-data-36.liquid
American Top Team Watertown	Watertown	NY	snippets/tjjm-gyms-data-36.liquid
Team Real USA	Staten Island	NY	snippets/tjjm-gyms-data-36.liquid
Buffalo United Martial Arts	Buffalo	NY	snippets/tjjm-gyms-data-36.liquid
Alpha Omega MMA	Rockville Centre	NY	snippets/tjjm-gyms-data-36.liquid
Upper West Side Brazilian Jiu-Jitsu	New York	NY	snippets/tjjm-gyms-data-36.liquid
Kaizen Brazilian Jiu-Jitsu	Bronx	NY	snippets/tjjm-gyms-data-36.liquid
Tiger Schulmann's Martial Arts Garden City NY	Garden City	NY	snippets/tjjm-gyms-data-36.liquid
Gracie Barra Long Island	New Hyde Park	NY	snippets/tjjm-gyms-data-36.liquid
Glory Mixed Martial Arts	Woodside	NY	snippets/tjjm-gyms-data-36.liquid
Progressive Martial Arts	Fresh Meadows	NY	snippets/tjjm-gyms-data-36.liquid
Touro Fajardo Brazilian Jiu Jitsu	Queens	NY	snippets/tjjm-gyms-data-36.liquid
Behring Jiu Jitsu NY	Evans Mills	NY	snippets/tjjm-gyms-data-36.liquid
Bwarrior MMA	New York	NY	snippets/tjjm-gyms-data-36.liquid
Jungle Gym Martial Arts - Bronx	Bronx	NY	snippets/tjjm-gyms-data-36.liquid
JAO Martial Arts Academy/Caio Terra Brazilian Jiu Jitsu NY	Brooklyn	NY	snippets/tjjm-gyms-data-36.liquid
Gracie Jiu-Jitsu Poughkeepsie	Poughkeepsie	NY	snippets/tjjm-gyms-data-36.liquid
Radical MMA	New York	NY	snippets/tjjm-gyms-data-36.liquid
Sheepshead Bay Roll	Brooklyn	NY	snippets/tjjm-gyms-data-36.liquid
Team Diamond Heart	Brooklyn	NY	snippets/tjjm-gyms-data-36.liquid
Next Level Athletic Performance	Marcy	NY	snippets/tjjm-gyms-data-36.liquid
Gracie Barra North Babylon	North Babylon	NY	snippets/tjjm-gyms-data-36.liquid
Tiger Schulmann's Martial Arts New Dorp (Staten Island) NY	Staten Island	NY	snippets/tjjm-gyms-data-36.liquid
Zero Gravity Jiu-Jitsu Academy	Brooklyn	NY	snippets/tjjm-gyms-data-36.liquid
Yojimbo BJJ	New York	NY	snippets/tjjm-gyms-data-36.liquid
Tiger Schulmann's Martial Arts Bellerose (Queens) NY	Queens	NY	snippets/tjjm-gyms-data-36.liquid
Unlimited Martial Arts	Brooklyn	NY	snippets/tjjm-gyms-data-36.liquid
Tiger Schulmann's Martial Arts Rego Park (Queens) NY	Queens	NY	snippets/tjjm-gyms-data-36.liquid
East Coast United Queens Academy of Brazilian Jiu Jitsu	Whitestone	NY	snippets/tjjm-gyms-data-36.liquid
UFC GYM Park Slope	Brooklyn	NY	snippets/tjjm-gyms-data-36.liquid
American Academy Of Self Defense	Deer Park	NY	snippets/tjjm-gyms-data-36.liquid
Bedroc MMA & Fitness	Rochester	NY	snippets/tjjm-gyms-data-36.liquid
Westchester Mixed Martial Arts & Fitness	Mount Kisco	NY	snippets/tjjm-gyms-data-36.liquid
NY Combat Club	New York	NY	snippets/tjjm-gyms-data-36.liquid
Vamos MMA	Holbrook	NY	snippets/tjjm-gyms-data-36.liquid
UFC GYM Long Island	New Hyde Park	NY	snippets/tjjm-gyms-data-36.liquid
Valor Mixed Martial Arts	New York	NY	snippets/tjjm-gyms-data-36.liquid
Chop & Chops MMA	Brooklyn	NY	snippets/tjjm-gyms-data-36.liquid
IJC Martial Arts	Queens	NY	snippets/tjjm-gyms-data-36.liquid
Tiger Schulmann's Martial Arts Syosset NY	Syosset	NY	snippets/tjjm-gyms-data-36.liquid
Big Apple BJJ Open	New York	NY	snippets/tjjm-gyms-data-36.liquid
Modern Martial Arts Tribeca	New York	NY	snippets/tjjm-gyms-data-36.liquid
Tiger Schulmann's Martial Arts Yonkers NY	Yonkers	NY	snippets/tjjm-gyms-data-36.liquid
Peak Jiu-Jitsu	Patchogue	NY	snippets/tjjm-gyms-data-36.liquid
Church Street Boxing Gym	New York	NY	snippets/tjjm-gyms-data-36.liquid
Tiger Schulmann's Martial Arts Jackson Heights (Queens) NY	Queens	NY	snippets/tjjm-gyms-data-36.liquid
Lotus Jiu Jitsu Flushing	Queens	NY	snippets/tjjm-gyms-data-36.liquid
Victory BJJ	Albany	NY	snippets/tjjm-gyms-data-36.liquid
Tiger Schulmann's Martial Arts New Windsor NY	New Windsor	NY	snippets/tjjm-gyms-data-36.liquid
Peloton Martial Arts Center	Spencerport	NY	snippets/tjjm-gyms-data-36.liquid
Atlas Jiu Jitsu Glens Falls	South Glens Falls	NY	snippets/tjjm-gyms-data-36.liquid
Team Jucao Brazilian Jiu Jitsu	New York	NY	snippets/tjjm-gyms-data-36.liquid
Modern Martial Arts NYC Upper Eastside	New York	NY	snippets/tjjm-gyms-data-36.liquid
Darfight Martial Arts	Brooklyn	NY	snippets/tjjm-gyms-data-36.liquid
Dark Arts Muay Thai and Brazilian Jiu Jitsu	Webster	NY	snippets/tjjm-gyms-data-36.liquid
Buzz Martial Arts	New York	NY	snippets/tjjm-gyms-data-36.liquid
Bronx Martial Arts Academy	Bronx	NY	snippets/tjjm-gyms-data-36.liquid
Butch's Boxing & MMA	Queens	NY	snippets/tjjm-gyms-data-36.liquid
WNY MMA & Fitness	Buffalo	NY	snippets/tjjm-gyms-data-36.liquid
Five Points Academy	New York	NY	snippets/tjjm-gyms-data-36.liquid
TD Athletics	Brooklyn	NY	snippets/tjjm-gyms-data-36.liquid
Tiger Schulmann's Martial Arts Merrick NY	Merrick	NY	snippets/tjjm-gyms-data-36.liquid
Tiger Schulmann's Martial Arts Smithtown NY	Smithtown	NY	snippets/tjjm-gyms-data-36.liquid
Tiger Schulmann's Martial Arts Glendale (Queens) NY	Queens	NY	snippets/tjjm-gyms-data-36.liquid
D'Arce Brazilian Jiu-Jitsu	Patchogue	NY	snippets/tjjm-gyms-data-36.liquid
Bronx Jiu-Jitsu	Bronx	NY	snippets/tjjm-gyms-data-36.liquid
Longo and Weidman MMA	Garden City	NY	snippets/tjjm-gyms-data-36.liquid
Hidden Fist Mixed Martial Arts Academy	Queens	NY	snippets/tjjm-gyms-data-36.liquid
Tiger Schulmann's Martial Arts Greenpoint (Brooklyn) NY	Brooklyn	NY	snippets/tjjm-gyms-data-36.liquid
Tiger Schulmann's Martial Arts Astoria (Queens) NY	Astoria	NY	snippets/tjjm-gyms-data-36.liquid
Renzo Gracie Jiu-Jitsu Upper West Side	New York	NY	snippets/tjjm-gyms-data-36.liquid
David Kaplan Martial Arts	New York	NY	snippets/tjjm-gyms-data-36.liquid
Gracie Jiu-Jitsu Point Lookout	Point Lookout	NY	snippets/tjjm-gyms-data-36.liquid
Yin Yang Jiu Jitsu	Queens	NY	snippets/tjjm-gyms-data-36.liquid
LifeStyle Brazilian Jiu Jitsu Academy	Astoria	NY	snippets/tjjm-gyms-data-36.liquid
JG Monster Jiujitsu Fitness	Brooklyn	NY	snippets/tjjm-gyms-data-36.liquid
Black Hole Jiu Jitsu	Wappingers Falls	NY	snippets/tjjm-gyms-data-36.liquid
Tiger Schulmann's Martial Arts Middle Village (Queens) NY	Queens	NY	snippets/tjjm-gyms-data-36.liquid
Brooklyn Mixed Martial Arts & Fitness	Brooklyn	NY	snippets/tjjm-gyms-data-36.liquid
Una Brazilian Jiujitsu	Forest Hills	NY	snippets/tjjm-gyms-data-36.liquid
Training Zone NYC - Ozone Park	Queens	NY	snippets/tjjm-gyms-data-36.liquid
Tiger Schulmann's Martial Arts Manhasset NY	Manhasset	NY	snippets/tjjm-gyms-data-36.liquid
Square Circle New York	New York	NY	snippets/tjjm-gyms-data-36.liquid
Tiger Schulmann's Martial Arts Tottenville (Staten Island) NY	Staten Island	NY	snippets/tjjm-gyms-data-36.liquid
The Grappling Club	Brooklyn	NY	snippets/tjjm-gyms-data-36.liquid
Renzo Gracie Bay Ridge	Brooklyn	NY	snippets/tjjm-gyms-data-36.liquid
Striking 101 Mixed Martial Arts - Forest Hills	Queens	NY	snippets/tjjm-gyms-data-36.liquid
Crossfit 585 BJJ	Rochester	NY	snippets/tjjm-gyms-data-36.liquid
Codella Brazilian Jiu Jitsu Academy	Staten Island	NY	snippets/tjjm-gyms-data-36.liquid
Staten Island Brazilian Jiu-Jitsu/MMA	Staten Island	NY	snippets/tjjm-gyms-data-36.liquid
Rebel Jiujitsu	Boulder City	NV	snippets/tjjm-gyms-data-2.liquid
Adrenaline Training Center	Carson City	NV	snippets/tjjm-gyms-data-2.liquid
Fight Camp Nv	Carson City	NV	snippets/tjjm-gyms-data-2.liquid
Gary Grate Brazilian Jiu-Jitsu Academy of Carson City NV	Carson City	NV	snippets/tjjm-gyms-data-2.liquid
JREAM Academy	Carson City	NV	snippets/tjjm-gyms-data-2.liquid
No Limits Martial Arts	Carson City	NV	snippets/tjjm-gyms-data-2.liquid
Wild West Training Center	Carson City	NV	snippets/tjjm-gyms-data-2.liquid
Komainu/Yemaso Brazilian Jiujitsu/MMA Academy	Elko	NV	snippets/tjjm-gyms-data-2.liquid
Loyalty Brazilian Jiu-Jitsu	Elko	NV	snippets/tjjm-gyms-data-2.liquid
University of Grappling: Elko	Elko	NV	snippets/tjjm-gyms-data-2.liquid
Douglas County Jiu Jitsu	Gardnerville	NV	snippets/tjjm-gyms-data-2.liquid
10th Planet Jiu Jitsu Las Vegas	Henderson	NV	snippets/tjjm-gyms-data-2.liquid
Altruist Mixed Martial Arts	Henderson	NV	snippets/tjjm-gyms-data-2.liquid
American Top Team Nevada	Henderson	NV	snippets/tjjm-gyms-data-2.liquid
American Wrestling Club	Henderson	NV	snippets/tjjm-gyms-data-2.liquid
Carlson Gracie Green Valley	Henderson	NV	snippets/tjjm-gyms-data-2.liquid
Chris Engle Brazilian Jiu Jitsu	Henderson	NV	snippets/tjjm-gyms-data-2.liquid
Core Fitness & Martial Arts	Henderson	NV	snippets/tjjm-gyms-data-2.liquid
Ftcc	Henderson	NV	snippets/tjjm-gyms-data-2.liquid
Gracie Barra Henderson	Henderson	NV	snippets/tjjm-gyms-data-2.liquid
Gracie Jiu Jitsu Henderson	Henderson	NV	snippets/tjjm-gyms-data-2.liquid
Relson Gracie Jiu Jitsu Team HK Las Vegas	Henderson	NV	snippets/tjjm-gyms-data-2.liquid
Renzo Gracie Henderson Jiu Jitsu	Henderson	NV	snippets/tjjm-gyms-data-2.liquid
Rico's Martial Arts	Henderson	NV	snippets/tjjm-gyms-data-2.liquid
Ryoku Judo Club	Henderson	NV	snippets/tjjm-gyms-data-2.liquid
Samurai Brazilian Jiu Jitsu Academy	Henderson	NV	snippets/tjjm-gyms-data-2.liquid
UFC Gym Green Valley	Henderson	NV	snippets/tjjm-gyms-data-2.liquid
Veritas Combat Arts And Fitness Academy	Henderson	NV	snippets/tjjm-gyms-data-2.liquid
10th Planet Downtown	Las Vegas	NV	snippets/tjjm-gyms-data-2.liquid
9th Isle BJJ Inc	Las Vegas	NV	snippets/tjjm-gyms-data-2.liquid
AE Brazilian Jiu Jitsu	Las Vegas	NV	snippets/tjjm-gyms-data-2.liquid
Asylum Fight Team	Las Vegas	NV	snippets/tjjm-gyms-data-2.liquid
Atlas Grappling	Las Vegas	NV	snippets/tjjm-gyms-data-2.liquid
Atos Jiu Jitsu Las Vegas	Las Vegas	NV	snippets/tjjm-gyms-data-2.liquid
Carlson Gracie Las Vegas	Las Vegas	NV	snippets/tjjm-gyms-data-2.liquid
Carlson Gracie Training Center - Cavalcanti Jiu Jitsu	Las Vegas	NV	snippets/tjjm-gyms-data-2.liquid
Cascao Evolution BJJ	Las Vegas	NV	snippets/tjjm-gyms-data-2.liquid
Cascao Jiu Jitsu	Las Vegas	NV	snippets/tjjm-gyms-data-2.liquid
Cephas Brazilian Jiu Jitsu Academy	Las Vegas	NV	snippets/tjjm-gyms-data-2.liquid
Cobra Kai Jiu Jitsu South	Las Vegas	NV	snippets/tjjm-gyms-data-2.liquid
Cobrinha Brazilian Jiu Jitsu Academy	Las Vegas	NV	snippets/tjjm-gyms-data-2.liquid
Destiny Health & MMA	Las Vegas	NV	snippets/tjjm-gyms-data-2.liquid
Drysdale Fight For Us Jiu Jitsu	Las Vegas	NV	snippets/tjjm-gyms-data-2.liquid
FASI Sports	Las Vegas	NV	snippets/tjjm-gyms-data-2.liquid
Fight Capital Gym	Las Vegas	NV	snippets/tjjm-gyms-data-2.liquid
Fredson Paixao Academy	Las Vegas	NV	snippets/tjjm-gyms-data-2.liquid
Freestyle MMA & Jiu Jitsu	Las Vegas	NV	snippets/tjjm-gyms-data-2.liquid
GB Las Vegas	Las Vegas	NV	snippets/tjjm-gyms-data-2.liquid
Gracie Jiu - Jitsu Summerlin	Las Vegas	NV	snippets/tjjm-gyms-data-2.liquid
Gracie Nevada	Las Vegas	NV	snippets/tjjm-gyms-data-2.liquid
Hard Knocks Muay Thai & Judo	Las Vegas	NV	snippets/tjjm-gyms-data-2.liquid
Hybrid Jiujitsu	Las Vegas	NV	snippets/tjjm-gyms-data-2.liquid
Jiu-Jitsu Methods	Las Vegas	NV	snippets/tjjm-gyms-data-2.liquid
Lagasca Brazilian Jiu Jitsu	Las Vegas	NV	snippets/tjjm-gyms-data-2.liquid
Las Vegas Fight Club	Las Vegas	NV	snippets/tjjm-gyms-data-2.liquid
Legend Mixed Martial Arts	Las Vegas	NV	snippets/tjjm-gyms-data-2.liquid
MC Unit jiu jitsu Academy	Las Vegas	NV	snippets/tjjm-gyms-data-2.liquid
Milestone Martial Arts	Las Vegas	NV	snippets/tjjm-gyms-data-2.liquid
Nova Uniao Las Vegas	Las Vegas	NV	snippets/tjjm-gyms-data-2.liquid
Odin's Halls Brazilian Jiu Jitsu	Las Vegas	NV	snippets/tjjm-gyms-data-2.liquid
Power Martial Arts & Fitness	Las Vegas	NV	snippets/tjjm-gyms-data-2.liquid
Results Martial Arts	Las Vegas	NV	snippets/tjjm-gyms-data-2.liquid
Reylson Gracie Jiu-Jitsu Health & Wellness Center	Las Vegas	NV	snippets/tjjm-gyms-data-2.liquid
Ribeiro Jiu-Jitsu - Las Vegas	Las Vegas	NV	snippets/tjjm-gyms-data-2.liquid
Ronin Jiu-Jitsu Las Vegas	Las Vegas	NV	snippets/tjjm-gyms-data-2.liquid
Roninjitsu Martial Arts	Las Vegas	NV	snippets/tjjm-gyms-data-2.liquid
Ryuko Training Center	Las Vegas	NV	snippets/tjjm-gyms-data-2.liquid
SHOSHINKAN - Las Vegas Martial Arts	Las Vegas	NV	snippets/tjjm-gyms-data-2.liquid
SIMGO Academy	Las Vegas	NV	snippets/tjjm-gyms-data-2.liquid
Sergio Penha	Las Vegas	NV	snippets/tjjm-gyms-data-2.liquid
Syndicate Mixed Martial Arts	Las Vegas	NV	snippets/tjjm-gyms-data-2.liquid
Tapout Research & Development Training Center	Las Vegas	NV	snippets/tjjm-gyms-data-2.liquid
The Academy of Brazilian Jiu Jitsu	Las Vegas	NV	snippets/tjjm-gyms-data-2.liquid
Throwdown Training Center	Las Vegas	NV	snippets/tjjm-gyms-data-2.liquid
Torres MMA Sport	Las Vegas	NV	snippets/tjjm-gyms-data-2.liquid
Tribe Fitness and Martial Arts	Las Vegas	NV	snippets/tjjm-gyms-data-2.liquid
Vegas Combat	Las Vegas	NV	snippets/tjjm-gyms-data-2.liquid
Vills Bros Brazilian Jiu-Jitsu	Las Vegas	NV	snippets/tjjm-gyms-data-2.liquid
Wand Fight Team	Las Vegas	NV	snippets/tjjm-gyms-data-2.liquid
Wayne's Martial Arts School	Las Vegas	NV	snippets/tjjm-gyms-data-2.liquid
Zangief Jiu Jitsu	Las Vegas	NV	snippets/tjjm-gyms-data-2.liquid
Zenith By Robert Drysdale	Las Vegas	NV	snippets/tjjm-gyms-data-2.liquid
Gracie Humaita West Craig	North Las Vegas	NV	snippets/tjjm-gyms-data-2.liquid
K Jutsu Do Fights System	North Las Vegas	NV	snippets/tjjm-gyms-data-2.liquid
Kifaru Jitsu Academy of Martial Arts	North Las Vegas	NV	snippets/tjjm-gyms-data-2.liquid
Ronin Jiu-Jitsu North Las Vegas	North Las Vegas	NV	snippets/tjjm-gyms-data-2.liquid
Uprising MMA	North Las Vegas	NV	snippets/tjjm-gyms-data-2.liquid
Mix-It-Up Kickboxing & Brazilian Jiu-Jitsu	Pahrump	NV	snippets/tjjm-gyms-data-2.liquid
Orient Jiu Jitsu	Paradise	NV	snippets/tjjm-gyms-data-2.liquid
360 Martial Arts Academy	Reno	NV	snippets/tjjm-gyms-data-2.liquid
Alexandre Garcia Brazilian Jiu-Jitsu	Reno	NV	snippets/tjjm-gyms-data-2.liquid
Ares BJJ Reno	Reno	NV	snippets/tjjm-gyms-data-2.liquid
Ascend Jiu-Jitsu	Reno	NV	snippets/tjjm-gyms-data-2.liquid
Battle Born MMA	Reno	NV	snippets/tjjm-gyms-data-2.liquid
Black Diamond Brazilian Jiu-Jitsu	Reno	NV	snippets/tjjm-gyms-data-2.liquid
Freestyle Martial Arts Academy	Reno	NV	snippets/tjjm-gyms-data-2.liquid
Gary Grate Brazilian Jiu-Jitsu Academy of Reno NV	Reno	NV	snippets/tjjm-gyms-data-2.liquid
Guerrilla Jiu Jitsu Academy Reno	Reno	NV	snippets/tjjm-gyms-data-2.liquid
Komainu Gym	Reno	NV	snippets/tjjm-gyms-data-2.liquid
Life Jiu Jitsu Reno	Reno	NV	snippets/tjjm-gyms-data-2.liquid
Lion's Den MMA & Fitness Center	Reno	NV	snippets/tjjm-gyms-data-2.liquid
Momentum Martial Arts	Reno	NV	snippets/tjjm-gyms-data-2.liquid
Renzo Gracie Academy Reno	Reno	NV	snippets/tjjm-gyms-data-2.liquid
Team Reno	Reno	NV	snippets/tjjm-gyms-data-2.liquid
UFC GYM Reno	Reno	NV	snippets/tjjm-gyms-data-2.liquid
Zai Martial Arts Academy	Reno	NV	snippets/tjjm-gyms-data-2.liquid
Atos Jiu Jitsu Reno	Sparks	NV	snippets/tjjm-gyms-data-2.liquid
Combat Sport and Fitness	Sparks	NV	snippets/tjjm-gyms-data-2.liquid
Evolution Martial Arts Academy	Sparks	NV	snippets/tjjm-gyms-data-2.liquid
Gracie Humaitá Jiu-Jitsu of Sparks NV	Sparks	NV	snippets/tjjm-gyms-data-2.liquid
The Komainu Collective Brazilian Jiu Jitsu	Sparks	NV	snippets/tjjm-gyms-data-2.liquid
Loyalty Brazilian Jiu-Jitsu Winnemucca	Winnemucca	NV	snippets/tjjm-gyms-data-2.liquid
Inferno Martial Arts Bella Vista	Bella Vista	AR	snippets/tjjm-gyms-data-37.liquid
Revolution Combat & Fitness	Benton	AR	snippets/tjjm-gyms-data-37.liquid
Inferno Martial Arts Bentonville	Bentonville	AR	snippets/tjjm-gyms-data-37.liquid
Cabot Jiu Jitsu Academy and Fitness	Cabot	AR	snippets/tjjm-gyms-data-37.liquid
501 BJJ & Kickboxing	Conway	AR	snippets/tjjm-gyms-data-37.liquid
Eco Submission Grappling	Conway	AR	snippets/tjjm-gyms-data-37.liquid
Grandmaster Han's Martial Arts & Gracie Jiu-Jitsu	Conway	AR	snippets/tjjm-gyms-data-37.liquid
Gravitas Martial Arts	Conway	AR	snippets/tjjm-gyms-data-37.liquid
Gray Beard Forge	Conway	AR	snippets/tjjm-gyms-data-37.liquid
Diamond State Martial Arts	Fayetteville	AR	snippets/tjjm-gyms-data-37.liquid
Fort Smith Martial Arts Center	Fort Smith	AR	snippets/tjjm-gyms-data-37.liquid
Gracie Jiu-Jitsu Fort Smith	Fort Smith	AR	snippets/tjjm-gyms-data-37.liquid
Real Deal Martial Arts	Hot Springs	AR	snippets/tjjm-gyms-data-37.liquid
Wolf's Hammer Martial Arts Academy	Hot Springs	AR	snippets/tjjm-gyms-data-37.liquid
USA Jiu-Jitsu Arkansas	Jacksonville	AR	snippets/tjjm-gyms-data-37.liquid
Gracie Jiu-Jitsu Jonesboro	Jonesboro	AR	snippets/tjjm-gyms-data-37.liquid
Rock City Mixed Martial Arts	Little Rock	AR	snippets/tjjm-gyms-data-37.liquid
Westside MMA	Little Rock	AR	snippets/tjjm-gyms-data-37.liquid
Rocha Brazilian Jiu Jitsu	North Little Rock	AR	snippets/tjjm-gyms-data-37.liquid
DNC Defense	Paragould	AR	snippets/tjjm-gyms-data-37.liquid
Inferno Martial Arts Rogers	Rogers	AR	snippets/tjjm-gyms-data-37.liquid
Overcome Jiu Jitsu Pinnacle	Rogers	AR	snippets/tjjm-gyms-data-37.liquid
FORCA MMA	Russellville	AR	snippets/tjjm-gyms-data-37.liquid
Martial Arts America Russellville	Russellville	AR	snippets/tjjm-gyms-data-37.liquid
Combat Concepts Academy	Sherwood	AR	snippets/tjjm-gyms-data-37.liquid
Inferno Martial Arts Springdale	Springdale	AR	snippets/tjjm-gyms-data-37.liquid
Bar Harbor Brazilian Jiu Jitsu	Bar Harbor	ME	snippets/tjjm-gyms-data-37.liquid
Graciefighter Jiu Jitsu	Caribou	ME	snippets/tjjm-gyms-data-37.liquid
Acadia Brazilian Jiu-Jitsu	Ellsworth	ME	snippets/tjjm-gyms-data-37.liquid
Rolls Jiu Jitsu	Ellsworth	ME	snippets/tjjm-gyms-data-37.liquid
The Foundry Brazilian Jiu Jitsu	Farmington	ME	snippets/tjjm-gyms-data-37.liquid
Empire Brazilian Jiu Jitsu	Freeport	ME	snippets/tjjm-gyms-data-37.liquid
Port City BJJ	Kittery	ME	snippets/tjjm-gyms-data-37.liquid
Bearclan Jiujitsu	Oakland	ME	snippets/tjjm-gyms-data-37.liquid
Stonecoast Brazilian Jiu Jitsu	Portland	ME	snippets/tjjm-gyms-data-37.liquid
Flow Brazilian Jiu Jitsu	Rockland	ME	snippets/tjjm-gyms-data-37.liquid
Evolution Athletix	Saco	ME	snippets/tjjm-gyms-data-37.liquid
Gracie Barra South Portland	South Portland	ME	snippets/tjjm-gyms-data-37.liquid
Brunswick Martial Arts Academy	Topsham	ME	snippets/tjjm-gyms-data-37.liquid
Alexey Pickerell BJJ	Westbrook	ME	snippets/tjjm-gyms-data-37.liquid
Gracie Gym Maine	Windham	ME	snippets/tjjm-gyms-data-37.liquid
Huard's Ju-Jitsu & Karate	Winslow	ME	snippets/tjjm-gyms-data-37.liquid
Elemental Jiu Jitsu	Ajax	ON	snippets/tjjm-gyms-data-37.liquid
Karma Jiu Jitsu	Ajax	ON	snippets/tjjm-gyms-data-37.liquid
Moyo Jiu-Jitsu Academy	Ajax	ON	snippets/tjjm-gyms-data-37.liquid
905 Brazilian Jiujitsu	Aurora	ON	snippets/tjjm-gyms-data-37.liquid
Champs Academy	Barrie	ON	snippets/tjjm-gyms-data-37.liquid
Legacy Fight Club	Barrie	ON	snippets/tjjm-gyms-data-37.liquid
Submission Arts Academy	Barrie	ON	snippets/tjjm-gyms-data-37.liquid
Alcateia Brazilian Jiu Jitsu	Belleville	ON	snippets/tjjm-gyms-data-37.liquid
MN Brazilian Jiu Jitsu Academy	Burlington	ON	snippets/tjjm-gyms-data-37.liquid
Octa BJJ Burlington	Burlington	ON	snippets/tjjm-gyms-data-37.liquid
Grand River BJJ	Cambridge	ON	snippets/tjjm-gyms-data-37.liquid
MAS Academy of Martial Arts	Cambridge	ON	snippets/tjjm-gyms-data-37.liquid
Octa BJJ Cambridge	Cambridge	ON	snippets/tjjm-gyms-data-37.liquid
King Jiu Jitsu Vaughan	Concord	ON	snippets/tjjm-gyms-data-37.liquid
Etobicoke BJJ	Etobicoke	ON	snippets/tjjm-gyms-data-37.liquid
Omerta BJJ	Guelph	ON	snippets/tjjm-gyms-data-37.liquid
Royal City BJJ	Guelph	ON	snippets/tjjm-gyms-data-37.liquid
Bora Jiu-Jitsu	Hamilton	ON	snippets/tjjm-gyms-data-37.liquid
Hamilton School of Martial Arts	Hamilton	ON	snippets/tjjm-gyms-data-37.liquid
Joslin's MMA	Hamilton	ON	snippets/tjjm-gyms-data-37.liquid
The Grappling Garden	Hamilton	ON	snippets/tjjm-gyms-data-37.liquid
Silver 7 Martial Arts	Kanata	ON	snippets/tjjm-gyms-data-37.liquid
Guardhouse BJJ	Kitchener	ON	snippets/tjjm-gyms-data-37.liquid
Octa BJJ Kitchener	Kitchener	ON	snippets/tjjm-gyms-data-37.liquid
Olympus Martial Arts	Kitchener	ON	snippets/tjjm-gyms-data-37.liquid
Return of the Dragon	Kitchener	ON	snippets/tjjm-gyms-data-37.liquid
Bindner Academy	London	ON	snippets/tjjm-gyms-data-37.liquid
Gracie Barra London	London	ON	snippets/tjjm-gyms-data-37.liquid
The Submission Academy	London	ON	snippets/tjjm-gyms-data-37.liquid
88 BJJ	Markham	ON	snippets/tjjm-gyms-data-37.liquid
AMA Dojo	Mississauga	ON	snippets/tjjm-gyms-data-37.liquid
Core Jiu-Jitsu	Mississauga	ON	snippets/tjjm-gyms-data-37.liquid
Current Jiu Jitsu	Mississauga	ON	snippets/tjjm-gyms-data-37.liquid
New Valor Brazilian Jiu-Jitsu Academy	Mississauga	ON	snippets/tjjm-gyms-data-37.liquid
Octa BJJ Mississauga	Mississauga	ON	snippets/tjjm-gyms-data-37.liquid
Passador BJJ	Niagara Falls	ON	snippets/tjjm-gyms-data-37.liquid
Grounded Studios	North Bay	ON	snippets/tjjm-gyms-data-37.liquid
The Garden Brazilian Jiu Jitsu	North Bay	ON	snippets/tjjm-gyms-data-37.liquid
Toronto Top Team Martial Arts and Fitness	North York	ON	snippets/tjjm-gyms-data-37.liquid
Oakville Brazilian Jiu-Jitsu	Oakville	ON	snippets/tjjm-gyms-data-37.liquid
Octa BJJ Oakville	Oakville	ON	snippets/tjjm-gyms-data-37.liquid
VS Brazilian Jiu-Jitsu	Oakville	ON	snippets/tjjm-gyms-data-37.liquid
Big Country - Orillia	Orillia	ON	snippets/tjjm-gyms-data-37.liquid
Resolve Martial Arts Academy Orillia	Orillia	ON	snippets/tjjm-gyms-data-37.liquid
Mamute Martial Arts	Oshawa	ON	snippets/tjjm-gyms-data-37.liquid
Brave Martial Arts Institute	Ottawa	ON	snippets/tjjm-gyms-data-37.liquid
Gracie Barra Ottawa	Ottawa	ON	snippets/tjjm-gyms-data-37.liquid
Jiujitsu Culture	Ottawa	ON	snippets/tjjm-gyms-data-37.liquid
Ottawa Academy of Martial Arts	Ottawa	ON	snippets/tjjm-gyms-data-37.liquid
The Ottawa Jiu Jitsu Club	Ottawa	ON	snippets/tjjm-gyms-data-37.liquid
Zen MMA	Ottawa	ON	snippets/tjjm-gyms-data-37.liquid
Eris Martial Arts Academy	Peterborough	ON	snippets/tjjm-gyms-data-37.liquid
Kawartha Combat	Peterborough	ON	snippets/tjjm-gyms-data-37.liquid
AACE Martial Arts Academy	Pickering	ON	snippets/tjjm-gyms-data-37.liquid
Action & Reaction MMA Pickering	Pickering	ON	snippets/tjjm-gyms-data-37.liquid
Richmond Hill Jiu-Jitsu	Richmond Hill	ON	snippets/tjjm-gyms-data-37.liquid
Forge Training Centre	Sarnia	ON	snippets/tjjm-gyms-data-37.liquid
The Butcher Shop	Sarnia	ON	snippets/tjjm-gyms-data-37.liquid
Gracie Jiu-Jitsu Sault Ste. Marie	Sault Ste. Marie	ON	snippets/tjjm-gyms-data-37.liquid
Steel City MMA	Sault Ste. Marie	ON	snippets/tjjm-gyms-data-37.liquid
Evolve MMA & Fitness	St. Catharines	ON	snippets/tjjm-gyms-data-37.liquid
Renzo Gracie Niagara	St. Catharines	ON	snippets/tjjm-gyms-data-37.liquid
SBG Niagara	St. Catharines	ON	snippets/tjjm-gyms-data-37.liquid
Hamilton BJJ	Stoney Creek	ON	snippets/tjjm-gyms-data-37.liquid
Caique Jiu-Jitsu Academy Windsor Essex	Tecumseh	ON	snippets/tjjm-gyms-data-37.liquid
Leading Edge MMA	Thunder Bay	ON	snippets/tjjm-gyms-data-37.liquid
Thunder Valley Martial Arts	Thunder Bay	ON	snippets/tjjm-gyms-data-37.liquid
Gracie Barra Toronto East	Toronto	ON	snippets/tjjm-gyms-data-37.liquid
JT6 Academy	Toronto	ON	snippets/tjjm-gyms-data-37.liquid
Vaughan Jiu-Jitsu Academy	Vaughan	ON	snippets/tjjm-gyms-data-37.liquid
The Jiu-Jitsu Lab	Waterloo	ON	snippets/tjjm-gyms-data-37.liquid
DNA Brazilian Jiu Jitsu	Whitby	ON	snippets/tjjm-gyms-data-37.liquid
APEX MMA	Windsor	ON	snippets/tjjm-gyms-data-37.liquid
META BJJ Windsor	Windsor	ON	snippets/tjjm-gyms-data-37.liquid
Maximum Training Centre	Windsor	ON	snippets/tjjm-gyms-data-37.liquid
GB West County	Ballwin	MO	snippets/tjjm-gyms-data-16.liquid
Black Diamond Grappling Club	Bevier	MO	snippets/tjjm-gyms-data-16.liquid
Blue Springs Jiu-Jitsu	Blue Springs	MO	snippets/tjjm-gyms-data-16.liquid
Gautreaux's Martial Art Center	Blue Springs	MO	snippets/tjjm-gyms-data-16.liquid
Sharkbait's MMA & Jiu Jitsu Academy	Blue Springs	MO	snippets/tjjm-gyms-data-16.liquid
Infinity Martial Arts of Bolivar	Bolivar	MO	snippets/tjjm-gyms-data-16.liquid
Branson Jiu Jitsu - Fulcrum 360	Branson	MO	snippets/tjjm-gyms-data-16.liquid
Integrity Fitness	Bridgeton	MO	snippets/tjjm-gyms-data-16.liquid
Lake Area Gracie Jiu-jitsu	Camdenton	MO	snippets/tjjm-gyms-data-16.liquid
Cape Martial Arts	Cape Girardeau	MO	snippets/tjjm-gyms-data-16.liquid
Carpe Momentum School of Jiu-Jitsu LLC	Cape Girardeau	MO	snippets/tjjm-gyms-data-16.liquid
GB Chesterfield	Chesterfield	MO	snippets/tjjm-gyms-data-16.liquid
S2 Bjj	Chesterfield	MO	snippets/tjjm-gyms-data-16.liquid
Team Z MMA Fitness Center	Chesterfield	MO	snippets/tjjm-gyms-data-16.liquid
Gracie Humaita Columbia	Columbia	MO	snippets/tjjm-gyms-data-16.liquid
GB O'Fallon	Dardenne Prairie	MO	snippets/tjjm-gyms-data-16.liquid
Carrillo's Martial Arts	Dexter	MO	snippets/tjjm-gyms-data-16.liquid
Gracie Humaita Eureka	Eureka	MO	snippets/tjjm-gyms-data-16.liquid
USA Martial Arts Academy	Eureka	MO	snippets/tjjm-gyms-data-16.liquid
Royce Gracie Jiu-Jitsu Farmington MO	Farmington	MO	snippets/tjjm-gyms-data-16.liquid
Victory MMA and Fitness Farmington MO	Farmington	MO	snippets/tjjm-gyms-data-16.liquid
ES MMA and Fitness	Fenton	MO	snippets/tjjm-gyms-data-16.liquid
Team Rodrigo Vaghi	Fenton	MO	snippets/tjjm-gyms-data-16.liquid
The Proving Ground	Fenton	MO	snippets/tjjm-gyms-data-16.liquid
Hahn Mixed Martial Arts & Fight Promotions	Festus	MO	snippets/tjjm-gyms-data-16.liquid
Whole Armour Martial Arts	Festus	MO	snippets/tjjm-gyms-data-16.liquid
St Louis's F.I.T. Martial Arts Center	Florissant	MO	snippets/tjjm-gyms-data-16.liquid
Dot Your Eye, INC MMA	Gladstone	MO	snippets/tjjm-gyms-data-16.liquid
FullTilt Performance Center	Hannibal	MO	snippets/tjjm-gyms-data-16.liquid
GB Hannibal	Hannibal	MO	snippets/tjjm-gyms-data-16.liquid
Pirata Jiu Jitsu	Independence	MO	snippets/tjjm-gyms-data-16.liquid
Gracie Jiu Jitsu of Southeast Missouri	Jackson	MO	snippets/tjjm-gyms-data-16.liquid
GB Jefferson City	Jefferson City	MO	snippets/tjjm-gyms-data-16.liquid
HerronBJJ (Jiu-Jitsu and Self-Defense)	Jefferson City	MO	snippets/tjjm-gyms-data-16.liquid
Jefferson City Judo Club & Jujitsu	Jefferson City	MO	snippets/tjjm-gyms-data-16.liquid
Joplin Brotherhood Mixed Martial Arts	Joplin	MO	snippets/tjjm-gyms-data-16.liquid
Legacy MMA & Jiujitsu	Joplin	MO	snippets/tjjm-gyms-data-16.liquid
The Forge	Joplin	MO	snippets/tjjm-gyms-data-16.liquid
Old School Jiu Jitsu	Kirksville	MO	snippets/tjjm-gyms-data-16.liquid
Stealth Brazilian Jiu-Jitsu LLC	Knob Noster	MO	snippets/tjjm-gyms-data-16.liquid
Lake Ozark Brazilian Jiu Jitsu	Lake Ozark	MO	snippets/tjjm-gyms-data-16.liquid
Glory MMA & Fitness	Lee's Summit	MO	snippets/tjjm-gyms-data-16.liquid
K2L Martial Arts	Lee's Summit	MO	snippets/tjjm-gyms-data-16.liquid
New Star Martial Arts	Lee's Summit	MO	snippets/tjjm-gyms-data-16.liquid
Ozark Mountain Brazilian Jiu Jitsu	Marshfield	MO	snippets/tjjm-gyms-data-16.liquid
Grappling Concepts Nixa	Nixa	MO	snippets/tjjm-gyms-data-16.liquid
Leake Brazilian Jiu Jitsu	Nixa	MO	snippets/tjjm-gyms-data-16.liquid
TCB Fight Factory 417	Nixa	MO	snippets/tjjm-gyms-data-16.liquid
Aegis Jiu Jitsu	North Kansas City	MO	snippets/tjjm-gyms-data-16.liquid
Forged Jiu Jitsu	Ozark	MO	snippets/tjjm-gyms-data-16.liquid
21st Century Self Defense	Pacific	MO	snippets/tjjm-gyms-data-16.liquid
Legends MMA	Park Hills	MO	snippets/tjjm-gyms-data-16.liquid
Aplomb Martial Arts of Parkville	Parkville	MO	snippets/tjjm-gyms-data-16.liquid
JD's Gym	Peculiar	MO	snippets/tjjm-gyms-data-16.liquid
Perryville Jiu Jitsu	Perryville	MO	snippets/tjjm-gyms-data-16.liquid
Cast Iron Bjj	Pleasant Valley	MO	snippets/tjjm-gyms-data-16.liquid
Pak's Academy of Martial Arts	Raymore	MO	snippets/tjjm-gyms-data-16.liquid
Caveman Crew MMA Gym	Raytown	MO	snippets/tjjm-gyms-data-16.liquid
MTA Republic	Republic	MO	snippets/tjjm-gyms-data-16.liquid
JAMMA Jermaine Andre Mixed Martial Arts	Richmond Heights	MO	snippets/tjjm-gyms-data-16.liquid
Agoge Training Body and Mind	Rolla	MO	snippets/tjjm-gyms-data-16.liquid
Eagle Gyms	Rolla	MO	snippets/tjjm-gyms-data-16.liquid
Honey Badger Training Facility	Rolla	MO	snippets/tjjm-gyms-data-16.liquid
Kifaru Jitsu Martial Arts	Salem	MO	snippets/tjjm-gyms-data-16.liquid
10th Planet Sedalia MO	Sedalia	MO	snippets/tjjm-gyms-data-16.liquid
Revive BJJ	St Charles	MO	snippets/tjjm-gyms-data-16.liquid
St. Charles MMA and BJJ	St Charles	MO	snippets/tjjm-gyms-data-16.liquid
St. Joseph Brazilian Jiu Jitsu & Mixed Martial Arts	St Joseph	MO	snippets/tjjm-gyms-data-16.liquid
MAYSH Fitness	St Peters	MO	snippets/tjjm-gyms-data-16.liquid
Finney's MMA	St. Louis	MO	snippets/tjjm-gyms-data-16.liquid
GB Shrewsbury	St. Louis	MO	snippets/tjjm-gyms-data-16.liquid
North Broadway Jiu-Jitsu	St. Louis	MO	snippets/tjjm-gyms-data-16.liquid
Rgda Gracie Jiu-Jitsu St. Louis	St. Louis	MO	snippets/tjjm-gyms-data-16.liquid
Scr Fight Club	St. Louis	MO	snippets/tjjm-gyms-data-16.liquid
St. Louis Combat Institute	St. Louis	MO	snippets/tjjm-gyms-data-16.liquid
The Martial Arts Center (PACT MMA)	St. Louis	MO	snippets/tjjm-gyms-data-16.liquid
Watson Martial Arts (BJJ and Muay Thai)	St. Louis	MO	snippets/tjjm-gyms-data-16.liquid
GB St. Peters, USA	St. Peters	MO	snippets/tjjm-gyms-data-16.liquid
Sullivan Athletic Club	Sullivan	MO	snippets/tjjm-gyms-data-16.liquid
Warrior Jiu-Jitsu	Warrensburg	MO	snippets/tjjm-gyms-data-16.liquid
10th Planet St. Louis	Washington	MO	snippets/tjjm-gyms-data-16.liquid
Center of Defensive Arts	Washington	MO	snippets/tjjm-gyms-data-16.liquid
Family Martial Arts Fitness Academy	Washington	MO	snippets/tjjm-gyms-data-16.liquid
GB Washington	Washington	MO	snippets/tjjm-gyms-data-16.liquid
A-Force BJJ Missouri	Webb City	MO	snippets/tjjm-gyms-data-16.liquid
Raven's Ridge MMA	Webster Groves	MO	snippets/tjjm-gyms-data-16.liquid
Gracie Humaitá St Louis	Weldon Spring	MO	snippets/tjjm-gyms-data-16.liquid
Gracie Humaita Wentzville	Wentzville	MO	snippets/tjjm-gyms-data-16.liquid
Team Fusion: West Plains	West Plains	MO	snippets/tjjm-gyms-data-16.liquid
Gracie Barra Whiteman Afb	Whiteman AFB	MO	snippets/tjjm-gyms-data-16.liquid
Casa of Jiu Jitsu	Ansonia	CT	snippets/tjjm-gyms-data-28.liquid
Shetucket Valley Judo and Sambo	Baltic	CT	snippets/tjjm-gyms-data-28.liquid
Relson Gracie Jiu-Jitsu Academy	Berlin	CT	snippets/tjjm-gyms-data-28.liquid
Caio Magalhaes Brazilian Jiu-Jitsu & Self Defense	Bethel	CT	snippets/tjjm-gyms-data-28.liquid
Teixeira MMA & Fitness	Bethel	CT	snippets/tjjm-gyms-data-28.liquid
Cruvinel Brothers Mixed Martial Arts Academy	Bridgeport	CT	snippets/tjjm-gyms-data-28.liquid
Joao Luz BJJ	Bridgeport	CT	snippets/tjjm-gyms-data-28.liquid
Marcelo Garcia Jiu-Jitsu Association Connecticut	Bridgeport	CT	snippets/tjjm-gyms-data-28.liquid
ZR Association CT	Bridgeport	CT	snippets/tjjm-gyms-data-28.liquid
Ascension Athletics - Mixed Martial Arts & BJJ	Bristol	CT	snippets/tjjm-gyms-data-28.liquid
RiSu Martial Arts Academy	Bristol	CT	snippets/tjjm-gyms-data-28.liquid
360 Defense Martial Arts Colchester CT	Colchester	CT	snippets/tjjm-gyms-data-28.liquid
Greenwich Jiu Jitsu	Cos Cob	CT	snippets/tjjm-gyms-data-28.liquid
Jiu-Jitsu And Strength Academy	Cromwell	CT	snippets/tjjm-gyms-data-28.liquid
American Top Team Connecticut BJJ, MMA, Muay Thai Danbury, CT	Danbury	CT	snippets/tjjm-gyms-data-28.liquid
BJJ For Christ Jiu Jitsu	Danbury	CT	snippets/tjjm-gyms-data-28.liquid
Danbury Academy Mixed Martial Arts	Danbury	CT	snippets/tjjm-gyms-data-28.liquid
Team Delima Brazilian Jiu-Jitsu Association	Danbury	CT	snippets/tjjm-gyms-data-28.liquid
Squared Brazilian Jiu-Jitsu Danielson, CT	Danielson	CT	snippets/tjjm-gyms-data-28.liquid
Northeast Elite Wrestling Center	Enfield	CT	snippets/tjjm-gyms-data-28.liquid
Royce Gracie Jiu Jitsu	Enfield	CT	snippets/tjjm-gyms-data-28.liquid
Connecticut Martial Arts Training Center	Fairfield	CT	snippets/tjjm-gyms-data-28.liquid
Fit Club BJJ	Fairfield	CT	snippets/tjjm-gyms-data-28.liquid
Gracie Sports Brazilian Jiu-Jitsu Fairfield	Fairfield	CT	snippets/tjjm-gyms-data-28.liquid
Hammer Jiu Jitsu	Fairfield	CT	snippets/tjjm-gyms-data-28.liquid
Fortitude Jiu Jitsu	Glastonbury	CT	snippets/tjjm-gyms-data-28.liquid
Giroux BJJ	Glastonbury	CT	snippets/tjjm-gyms-data-28.liquid
Team Link Glastonbury	Glastonbury	CT	snippets/tjjm-gyms-data-28.liquid
Mackavi Martial Arts	Griswold	CT	snippets/tjjm-gyms-data-28.liquid
Gabrieles Martial Arts - Groton, CT	Groton	CT	snippets/tjjm-gyms-data-28.liquid
Team Dexter Vale Tudo	Groton	CT	snippets/tjjm-gyms-data-28.liquid
Xtreme Martial Arts Training	Guilford	CT	snippets/tjjm-gyms-data-28.liquid
Bashta's Martial Arts	Hamden	CT	snippets/tjjm-gyms-data-28.liquid
Soulcraft Brazilian Jiu-Jitsu	Hamden	CT	snippets/tjjm-gyms-data-28.liquid
Underdog Brazilian Jiu-Jitsu	Hartford	CT	snippets/tjjm-gyms-data-28.liquid
Bushido Hebron Brazilian Jiu Jitsu	Hebron	CT	snippets/tjjm-gyms-data-28.liquid
Modern Self Defense Center	Meriden	CT	snippets/tjjm-gyms-data-28.liquid
Bagwell Academy of Martial Arts	Milford	CT	snippets/tjjm-gyms-data-28.liquid
Fifth Dimension Brazilian Jiu-Jitsu MMA	Milford	CT	snippets/tjjm-gyms-data-28.liquid
Fighting Arts Academy CT	Milford	CT	snippets/tjjm-gyms-data-28.liquid
Renzo Gracie Milford	Milford	CT	snippets/tjjm-gyms-data-28.liquid
Vincent Brightman's Carlson Gracie MMA & BJJ	Naugatuck	CT	snippets/tjjm-gyms-data-28.liquid
New Britain Judo and Dynamic Arts	New Britain	CT	snippets/tjjm-gyms-data-28.liquid
Strikezone MMA	New London	CT	snippets/tjjm-gyms-data-28.liquid
Whaling City Athletic Club	New London	CT	snippets/tjjm-gyms-data-28.liquid
ZenDo Ju-Jitsu	New Milford	CT	snippets/tjjm-gyms-data-28.liquid
CT Krav Maga & MMA	North Branford	CT	snippets/tjjm-gyms-data-28.liquid
Ultimate MMA Training Center	North Haven	CT	snippets/tjjm-gyms-data-28.liquid
Tom Smith's Forge Martial Arts Academy	Northford	CT	snippets/tjjm-gyms-data-28.liquid
Gracie Sports USA Brazilian Jiu Jitsu and Self-Defense	Norwalk	CT	snippets/tjjm-gyms-data-28.liquid
Jonesly MMA Academy Norwalk: Muay Thai, Kickboxing, Jiu Jitsu	Norwalk	CT	snippets/tjjm-gyms-data-28.liquid
Ronin Martial Arts - Westport	Norwalk	CT	snippets/tjjm-gyms-data-28.liquid
Sono Dojo & Martial Arts Fitness	Norwalk	CT	snippets/tjjm-gyms-data-28.liquid
Submit! Brazilian Jiu-Jitsu Academy	Norwalk	CT	snippets/tjjm-gyms-data-28.liquid
360 Defense Martial Arts (Macarra BJJ Affiliated Academy)	Norwich	CT	snippets/tjjm-gyms-data-28.liquid
CT Combat Training Center	Oakville	CT	snippets/tjjm-gyms-data-28.liquid
Viana Brothers Martial Fight Club in Steel Beach Gym	Oakville	CT	snippets/tjjm-gyms-data-28.liquid
RISE Martial Arts Academy	Old Lyme	CT	snippets/tjjm-gyms-data-28.liquid
Renzo Gracie Shoreline Academy	Old Saybrook	CT	snippets/tjjm-gyms-data-28.liquid
Plainville Martial Arts	Plainville	CT	snippets/tjjm-gyms-data-28.liquid
Endure Brazilian Jiu-Jitsu Academy	Shelton	CT	snippets/tjjm-gyms-data-28.liquid
Kobukai Jujitsu - South Windsor	South Windsor	CT	snippets/tjjm-gyms-data-28.liquid
Solid Base BJJ	Southington	CT	snippets/tjjm-gyms-data-28.liquid
UFC GYM Southington	Southington	CT	snippets/tjjm-gyms-data-28.liquid
Carlson Gracie Team - CT/Cesar Pereira BJJ	Stamford	CT	snippets/tjjm-gyms-data-28.liquid
Elevate Personal Training + MMA	Stamford	CT	snippets/tjjm-gyms-data-28.liquid
Ronin Jiu Jitsu	Stamford	CT	snippets/tjjm-gyms-data-28.liquid
Stamford Judo	Stamford	CT	snippets/tjjm-gyms-data-28.liquid
Tiger Schulmann's Martial Arts Stamford CT	Stamford	CT	snippets/tjjm-gyms-data-28.liquid
Cruvinel Brothers Brazilian Jiujitsu / GFTeam	Stratford	CT	snippets/tjjm-gyms-data-28.liquid
Iceman's Martial Arts Academy	Stratford	CT	snippets/tjjm-gyms-data-28.liquid
IPD Jiujitsu and Fitness	Tolland	CT	snippets/tjjm-gyms-data-28.liquid
Secret Pages Brazilian Jiu-Jitsu	Tolland	CT	snippets/tjjm-gyms-data-28.liquid
Jitsu Academy	Wallingford	CT	snippets/tjjm-gyms-data-28.liquid
Jiu Jitsu Life SCA	Wallingford	CT	snippets/tjjm-gyms-data-28.liquid
Performance Combat MMA	Wallingford	CT	snippets/tjjm-gyms-data-28.liquid
IMB Academy CT	Waterbury	CT	snippets/tjjm-gyms-data-28.liquid
Practical Self Defense Training Center	Waterbury	CT	snippets/tjjm-gyms-data-28.liquid
Thunder Martial Arts Academy	Watertown	CT	snippets/tjjm-gyms-data-28.liquid
House of Jujitsu	West Hartford	CT	snippets/tjjm-gyms-data-28.liquid
Plus One Defense Systems	West Hartford	CT	snippets/tjjm-gyms-data-28.liquid
Royce Gracie Brazilian Jiu Jitsu	West Hartford	CT	snippets/tjjm-gyms-data-28.liquid
Assembly of the Martial Arts Academy	West Haven	CT	snippets/tjjm-gyms-data-28.liquid
Renzo Gracie Training Facility	West Haven	CT	snippets/tjjm-gyms-data-28.liquid
Hartford Dojo	Wethersfield	CT	snippets/tjjm-gyms-data-28.liquid
Gracie Barra Avondale	Avondale	AZ	snippets/tjjm-gyms-data-11.liquid
Warriors Guild Martial Arts	Casa Grande	AZ	snippets/tjjm-gyms-data-11.liquid
Courage Honor Strength Brazilian Jiu-Jitsu	Chandler	AZ	snippets/tjjm-gyms-data-11.liquid
Gracie Barra Chandler	Chandler	AZ	snippets/tjjm-gyms-data-11.liquid
Tri-City Ju-Jitsu	Chino Valley	AZ	snippets/tjjm-gyms-data-11.liquid
State 48 Brazilian Jiu Jitsu	Cottonwood	AZ	snippets/tjjm-gyms-data-11.liquid
Empire Martial Arts	El Mirage	AZ	snippets/tjjm-gyms-data-11.liquid
Team Monstro Brazilian Jiu Jitsu	El Mirage	AZ	snippets/tjjm-gyms-data-11.liquid
Sunnyside Boxing MMA	Flagstaff	AZ	snippets/tjjm-gyms-data-11.liquid
Impact Jiu Jitsu Fountain Hills	Fountain Hills	AZ	snippets/tjjm-gyms-data-11.liquid
Carlson Gracie Team Gilbert AZ/Bjj & Family Fitness	Gilbert	AZ	snippets/tjjm-gyms-data-11.liquid
Murdoc’s Brazilian Jiu-Jitsu (MWBJJ) & Self Defense Academy (GD JJ Affiliate)	Gilbert	AZ	snippets/tjjm-gyms-data-11.liquid
Next Level Fitness & Martial Arts (Gracie Gilbert BJJ)	Gilbert	AZ	snippets/tjjm-gyms-data-11.liquid
Attitude First MMA	Glendale	AZ	snippets/tjjm-gyms-data-11.liquid
Black Flag Jiu-Jitsu Club	Glendale	AZ	snippets/tjjm-gyms-data-11.liquid
Cannon Brazilian Jiu-Jitsu	Glendale	AZ	snippets/tjjm-gyms-data-11.liquid
Gracie Jiu-Jitsu Glendale	Glendale	AZ	snippets/tjjm-gyms-data-11.liquid
Pinnacle Brazilian Jiu Jitsu	Glendale	AZ	snippets/tjjm-gyms-data-11.liquid
The Lab	Glendale	AZ	snippets/tjjm-gyms-data-11.liquid
Ares BJJ Goodyear	Goodyear	AZ	snippets/tjjm-gyms-data-11.liquid
Knockout Fitness	Goodyear	AZ	snippets/tjjm-gyms-data-11.liquid
Dominate Fitness and MMA	Green Valley	AZ	snippets/tjjm-gyms-data-11.liquid
Undisputed South	Green Valley	AZ	snippets/tjjm-gyms-data-11.liquid
Deets Jiu Jitsu Academy	Kingman	AZ	snippets/tjjm-gyms-data-11.liquid
Bridge City Combat	Lake Havasu City	AZ	snippets/tjjm-gyms-data-11.liquid
10th Planet Jiu-Jitsu Phoenix	Mesa	AZ	snippets/tjjm-gyms-data-11.liquid
Gracie Jiu Jitsu West Mesa	Mesa	AZ	snippets/tjjm-gyms-data-11.liquid
Nava Brazilian Jiu Jitsu	Mesa	AZ	snippets/tjjm-gyms-data-11.liquid
Ruffhouse Jiu-Jitsu	Mesa	AZ	snippets/tjjm-gyms-data-11.liquid
Southwest Judo Academy	Mesa	AZ	snippets/tjjm-gyms-data-11.liquid
Southwest MMA	Mesa	AZ	snippets/tjjm-gyms-data-11.liquid
Union Combat Academy	Mesa	AZ	snippets/tjjm-gyms-data-11.liquid
Caza BJJ	Nogales	AZ	snippets/tjjm-gyms-data-11.liquid
Fortress Fitness and MMA	Nogales	AZ	snippets/tjjm-gyms-data-11.liquid
GB Oro Valley	Oro Valley	AZ	snippets/tjjm-gyms-data-11.liquid
Allied Jiu Jitsu	Peoria	AZ	snippets/tjjm-gyms-data-11.liquid
Gracie Barra Peoria	Peoria	AZ	snippets/tjjm-gyms-data-11.liquid
Gracie Peoria	Peoria	AZ	snippets/tjjm-gyms-data-11.liquid
Lotus Club Fight & Fitness	Peoria	AZ	snippets/tjjm-gyms-data-11.liquid
Oss MMA	Peoria	AZ	snippets/tjjm-gyms-data-11.liquid
Grace Fighting Systems Training Center	Phoenix	AZ	snippets/tjjm-gyms-data-11.liquid
Average Joe's MMA	Prescott	AZ	snippets/tjjm-gyms-data-11.liquid
Gracie Barra Queen Creek Jiu-Jitsu & Self Defense	Queen Creek	AZ	snippets/tjjm-gyms-data-11.liquid
10th Planet Jiu Jitsu Scottsdale	Scottsdale	AZ	snippets/tjjm-gyms-data-11.liquid
Alliance Scottsdale (Ximenes BJJ)	Scottsdale	AZ	snippets/tjjm-gyms-data-11.liquid
Axe Capoeira Arizona	Scottsdale	AZ	snippets/tjjm-gyms-data-11.liquid
BJJ Social Club	Scottsdale	AZ	snippets/tjjm-gyms-data-11.liquid
Cactus Jiu Jitsu Academy	Scottsdale	AZ	snippets/tjjm-gyms-data-11.liquid
Gracie Jiu-Jitsu Scottsdale	Scottsdale	AZ	snippets/tjjm-gyms-data-11.liquid
Kiko France BJJ	Scottsdale	AZ	snippets/tjjm-gyms-data-11.liquid
UltraFit Systems	Scottsdale	AZ	snippets/tjjm-gyms-data-11.liquid
Warrior Tribe	Sedona	AZ	snippets/tjjm-gyms-data-11.liquid
White Mountain BJJ	Show Low	AZ	snippets/tjjm-gyms-data-11.liquid
Flow Game Gym	Sierra Vista	AZ	snippets/tjjm-gyms-data-11.liquid
2 Knuckle Sports MMA Academy	Surprise	AZ	snippets/tjjm-gyms-data-11.liquid
Baker's MMA & Fitness LLC	Surprise	AZ	snippets/tjjm-gyms-data-11.liquid
Bluestarr Grappling	Surprise	AZ	snippets/tjjm-gyms-data-11.liquid
Cyclone Muay Thai & Double Five BJJ Surprise	Surprise	AZ	snippets/tjjm-gyms-data-11.liquid
De Boa Jiu Jitsu Academy	Surprise	AZ	snippets/tjjm-gyms-data-11.liquid
Kickers Mixed Martial Arts	Surprise	AZ	snippets/tjjm-gyms-data-11.liquid
Proving Ground MMA	Surprise	AZ	snippets/tjjm-gyms-data-11.liquid
Tough Survival Martial Arts Academy	Surprise	AZ	snippets/tjjm-gyms-data-11.liquid
American Pankration Fighting MMA	Tempe	AZ	snippets/tjjm-gyms-data-11.liquid
Arizona Combat Sports	Tempe	AZ	snippets/tjjm-gyms-data-11.liquid
Dark Matter Jiu Jitsu/Ares BJJ Tempe	Tempe	AZ	snippets/tjjm-gyms-data-11.liquid
Dragon-Snake MMA & Fitness	Tempe	AZ	snippets/tjjm-gyms-data-11.liquid
Fluid Martial Arts Academy	Tempe	AZ	snippets/tjjm-gyms-data-11.liquid
Full Charge Brazilian Jiu-Jitsu	Thatcher	AZ	snippets/tjjm-gyms-data-11.liquid
10th Planet Jiu Jitsu Tucson	Tucson	AZ	snippets/tjjm-gyms-data-11.liquid
Always Forward Jiu-Jitsu Academy	Tucson	AZ	snippets/tjjm-gyms-data-11.liquid
Daimyo Brazilian Jiujitsu	Tucson	AZ	snippets/tjjm-gyms-data-11.liquid
Gracie Barra Tucson Jiu-Jitsu	Tucson	AZ	snippets/tjjm-gyms-data-11.liquid
Pallaton Brazilian Jiu Jitsu	Tucson	AZ	snippets/tjjm-gyms-data-11.liquid
Primero Brazilian Jiu Jitsu Academy	Tucson	AZ	snippets/tjjm-gyms-data-11.liquid
Sonoran Brazilian Jiu Jitsu	Tucson	AZ	snippets/tjjm-gyms-data-11.liquid
TeckHit Boxing, Kickboxing, & MMA Gym	Tucson	AZ	snippets/tjjm-gyms-data-11.liquid
10th Planet Marine Corps Air Station Yuma	Yuma	AZ	snippets/tjjm-gyms-data-11.liquid
Carlson Gracie Jiu Jitsu	Yuma	AZ	snippets/tjjm-gyms-data-11.liquid
Rogue Wave Brazilian Jiu Jitsu	Yuma	AZ	snippets/tjjm-gyms-data-11.liquid
Yuma Top Team	Yuma	AZ	snippets/tjjm-gyms-data-11.liquid
Freedom Martial Arts and Fitness	Anderson	IN	snippets/tjjm-gyms-data-30.liquid
Razzano Academy BJJ & Judo	Bloomington	IN	snippets/tjjm-gyms-data-30.liquid
Vortex Martial Arts Gym	Bloomington	IN	snippets/tjjm-gyms-data-30.liquid
Gracie Jiu-Jitsu Brazil	Brazil	IN	snippets/tjjm-gyms-data-30.liquid
Brownsburg Brazilian Jiu-Jitsu	Brownsburg	IN	snippets/tjjm-gyms-data-30.liquid
Performex Martial Arts and Fitness	Brownsburg	IN	snippets/tjjm-gyms-data-30.liquid
House Of Martial Arts	Carmel	IN	snippets/tjjm-gyms-data-30.liquid
Indianapolis Brazilian Jiu-Jitsu	Carmel	IN	snippets/tjjm-gyms-data-30.liquid
The School of Self Defense	Carmel	IN	snippets/tjjm-gyms-data-30.liquid
Team O'Connor Brazilian Jiu-Jitsu	Chesterton	IN	snippets/tjjm-gyms-data-30.liquid
Awesome Martial Arts Academy	Clarksville	IN	snippets/tjjm-gyms-data-30.liquid
Brown’s Brazilian Jiu-Jitsu	Columbus	IN	snippets/tjjm-gyms-data-30.liquid
Harrison County Brazilian Jiu-Jitsu	Corydon	IN	snippets/tjjm-gyms-data-30.liquid
219 Submission Academy	Crown Point	IN	snippets/tjjm-gyms-data-30.liquid
Alexander Brazilian Jiu Jitsu	Elkhart	IN	snippets/tjjm-gyms-data-30.liquid
Kroyler Gracie Jiu-Jitsu	Elkhart	IN	snippets/tjjm-gyms-data-30.liquid
Nice Guys Submission Fighting	Evansville	IN	snippets/tjjm-gyms-data-30.liquid
The JiuJitsu Academy	Evansville	IN	snippets/tjjm-gyms-data-30.liquid
Fishers Brazilian Jiu-Jitsu And Boxing	Fishers	IN	snippets/tjjm-gyms-data-30.liquid
Fishers Elite Martial Arts	Fishers	IN	snippets/tjjm-gyms-data-30.liquid
KruFit	Fishers	IN	snippets/tjjm-gyms-data-30.liquid
First Shield Defense	Fort Wayne	IN	snippets/tjjm-gyms-data-30.liquid
Gracie Jiu-Jitsu Fort Wayne	Fort Wayne	IN	snippets/tjjm-gyms-data-30.liquid
Journey Brazilian Jiu-jitsu/Blackbelt Wrestling Academy	Fort Wayne	IN	snippets/tjjm-gyms-data-30.liquid
Lee Brothers Submission Academy	Fort Wayne	IN	snippets/tjjm-gyms-data-30.liquid
Sud'n Impact Gym	Fort Wayne	IN	snippets/tjjm-gyms-data-30.liquid
Franklin Jiu Jitsu Club	Franklin	IN	snippets/tjjm-gyms-data-30.liquid
Barrick Brazilian Jiu Jitsu	Goshen	IN	snippets/tjjm-gyms-data-30.liquid
FLOW Brazilian Jiu-Jitsu	Granger	IN	snippets/tjjm-gyms-data-30.liquid
Carlson Gracie Indianapolis Jiu Jitsu	Greenwood	IN	snippets/tjjm-gyms-data-30.liquid
Roll Model Grappling Academy	Greenwood	IN	snippets/tjjm-gyms-data-30.liquid
Carlson Gracie Brazilian Jiu-jitsu Team Hobart	Hobart	IN	snippets/tjjm-gyms-data-30.liquid
Torres Martial Arts Academy	Hobart	IN	snippets/tjjm-gyms-data-30.liquid
10th Planet Indianapolis at Circle City Martial Arts & Fitness	Indianapolis	IN	snippets/tjjm-gyms-data-30.liquid
Champlin Jiu-Jitsu Academy	Indianapolis	IN	snippets/tjjm-gyms-data-30.liquid
Indianapolis Jiu Jitsu Coach	Indianapolis	IN	snippets/tjjm-gyms-data-30.liquid
SoBro Brazilian Jiu Jitsu	Indianapolis	IN	snippets/tjjm-gyms-data-30.liquid
Garra Brazilian Jiu Jitsu and MMA	Kokomo	IN	snippets/tjjm-gyms-data-30.liquid
Soma Jiu Jitsu of Kokomo	Kokomo	IN	snippets/tjjm-gyms-data-30.liquid
Ascend Brazilian Jiu Jitsu	Lafayette	IN	snippets/tjjm-gyms-data-30.liquid
The Forge Training Center	Lafayette	IN	snippets/tjjm-gyms-data-30.liquid
Lagrange Gracie Jiu-Jitsu	LaGrange	IN	snippets/tjjm-gyms-data-30.liquid
Bright Brazilian Jiu Jitsu	Lawrenceburg	IN	snippets/tjjm-gyms-data-30.liquid
MC Fitness & Submission Grappling	Loogootee	IN	snippets/tjjm-gyms-data-30.liquid
Tiger Martial Arts Fitness Academy	Marion	IN	snippets/tjjm-gyms-data-30.liquid
Team Colón Mixed Martial Arts	Merrillville	IN	snippets/tjjm-gyms-data-30.liquid
UFC GYM Merrillville	Merrillville	IN	snippets/tjjm-gyms-data-30.liquid
Revolution Fitness Center	Mishawaka	IN	snippets/tjjm-gyms-data-30.liquid
Monticello Jiu-Jitsu Academy	Monticello	IN	snippets/tjjm-gyms-data-30.liquid
Indiana Combat Grappling	Mooresville	IN	snippets/tjjm-gyms-data-30.liquid
Muncie Brazilian Jiu-Jitsu	Muncie	IN	snippets/tjjm-gyms-data-30.liquid
Gracie Jiu-Jitsu Nappanee	Nappanee	IN	snippets/tjjm-gyms-data-30.liquid
Gracie Jiu-Jitsu New Albany	New Albany	IN	snippets/tjjm-gyms-data-30.liquid
Southern Indiana Martial Arts	New Albany	IN	snippets/tjjm-gyms-data-30.liquid
RT Torres Brazilian Jiu Jitsu	New Castle	IN	snippets/tjjm-gyms-data-30.liquid
Journey Brazilian Jiu-Jitsu	North Manchester	IN	snippets/tjjm-gyms-data-30.liquid
Ironhorse Martial Arts	Pendleton	IN	snippets/tjjm-gyms-data-30.liquid
DragonFly Elite Martial Arts & Fitness	Plainfield	IN	snippets/tjjm-gyms-data-30.liquid
Pollaro's Martial Arts	Plainfield	IN	snippets/tjjm-gyms-data-30.liquid
Hybrid Combat Club	Plymouth	IN	snippets/tjjm-gyms-data-30.liquid
Corral's Martial Arts Portage	Portage	IN	snippets/tjjm-gyms-data-30.liquid
Rochester Family Martial Arts	Rochester	IN	snippets/tjjm-gyms-data-30.liquid
BJJ Coach Sheepdog	Rushville	IN	snippets/tjjm-gyms-data-30.liquid
Corral's Martial Arts Schererville	Schererville	IN	snippets/tjjm-gyms-data-30.liquid
Gracie Jiu Jitsu South Bend	South Bend	IN	snippets/tjjm-gyms-data-30.liquid
Ribeiro Jiu-Jitsu South Bend	South Bend	IN	snippets/tjjm-gyms-data-30.liquid
Jason Gonzalez Brazilian Jiu-Jitsu	Terre Haute	IN	snippets/tjjm-gyms-data-30.liquid
Mcvicker’s Brazilian Jiu-Jitsu	Terre Haute	IN	snippets/tjjm-gyms-data-30.liquid
Pedigo Submission Fighting - Terre Haute	Terre Haute	IN	snippets/tjjm-gyms-data-30.liquid
BJJ Coach / Maddox Martial Arts Academy	Thorntown	IN	snippets/tjjm-gyms-data-30.liquid
Choke-U Brazilian Jiu-jitsu	Valparaiso	IN	snippets/tjjm-gyms-data-30.liquid
Corral’s Martial Arts	Valparaiso	IN	snippets/tjjm-gyms-data-30.liquid
Anvil Training Center	Vincennes	IN	snippets/tjjm-gyms-data-30.liquid
Relentless Brazilian Jiu Jitsu	Warsaw	IN	snippets/tjjm-gyms-data-30.liquid
Impact Zone Training Center	West Lafayette	IN	snippets/tjjm-gyms-data-30.liquid
UFC GYM Whitestown	Whitestown	IN	snippets/tjjm-gyms-data-30.liquid
BJJ Bushido Zionsville	Zionsville	IN	snippets/tjjm-gyms-data-30.liquid
Chris Howe Brazilian Jiu Jitsu	Zionsville	IN	snippets/tjjm-gyms-data-30.liquid
Endurance Brazilian Jiu-Jitsu	Zionsville	IN	snippets/tjjm-gyms-data-30.liquid
Raleigh Institute of Martial Arts	Raleigh	NC	snippets/tjjm-gyms-data-27.liquid
Revolution Modern Martial Arts	Clayton	NC	snippets/tjjm-gyms-data-27.liquid
Warrior Life Martial Arts	Asheboro	NC	snippets/tjjm-gyms-data-27.liquid
BodyShot Combat & Fitness	Lowell	NC	snippets/tjjm-gyms-data-27.liquid
36 Chambers Martial Arts and Fitness	Holly Springs	NC	snippets/tjjm-gyms-data-27.liquid
Martial Arts Academy of Southern Pines	Southern Pines	NC	snippets/tjjm-gyms-data-27.liquid
Glory Martial Arts and Fitness	Sylva	NC	snippets/tjjm-gyms-data-27.liquid
Gladiator Martial Arts	Statesville	NC	snippets/tjjm-gyms-data-27.liquid
