verdict	id	region	name	url	note
EMPTY	2047	AL	10th Planet Jiu-Jitsu Gulf Shores	https://www.facebook.com/KuzushiClubBJJGulfShores/
EMPTY	3738	ON	Toronto Jiu Jitsu Club	https://torontojiujitsuclub.com
OK	2601	FL	Gracie Barra Fort Lauderdale	https://graciebarra.com/fort-lauderdale-fl/
OK	2204	AZ	Patriot Martial Arts Academy	https://www.queencreekmartialarts.com/
OK	2088	AR	Gravitas Martial Arts	https://gravitasmartialarts.com
OK	2185	AZ	Ares BJJ	https://www.aresbjj.com/
OK	3956	TN	Alpha Jiu-Jitsu Academy	https://www.alphajiujitsuacademy.com
OK	2811	ID	Self Reliant Jiu Jitsu	https://www.selfreliantjiujitsu.com
OK	3787	PA	Bloomsburg Martial Arts Academy	https://bloommma.com/
EMPTY	3078	MI	Significant Strikes Boxing, Jiu-Jitsu & MMA	https://significantstrikes.com/appointments
OK	2722	GA	KravHIIT Martial Arts & Fitness Academy	https://kravhiit.us/
OK	2223	AZ	The Eyrie Brazilian Jiu-Jitsu	https://www.eyriebjj.com/
OK	2038	AL	GB Cullman	https://gbcullman.com/
OK	3883	RI	Ocean State Brazilian Jiu Jitsu	https://www.oceanstatebjj.com
OK	3603	NY	Tiger Schulmann's Martial Arts Tottenville (Staten Island) NY	https://tsk.com/locations/ny/staten-island-tottenville
OK	2313	BC	Gracie Barra Kerrisdale	https://gbkerrisdale.com
OK	2954	KY	Elite Martial Arts-Richmond	https://www.elitema.org/
OK	3028	MD	Southern Maryland Martial Arts & Fitness La Plata	https://smmafitness.com
OK	2139	AZ	(Muay Thai Gym) Sitan Gym Arizona LLC	https://sitangymaz.com/
OK	3831	QC	Elite Jiu Jitsu Drummondville	https://www.elitejjd.ca
OK	2599	FL	A & M Jiu-Jitsu	https://aandmbjj.com
OK	2274	BC	North Kootenay Martial Arts	https://northkootenaymartialarts.com
OK	3890	RI	Gracie Jiu-Jitsu Providence	https://graciejiujitsuprovidence.com
OK	2024	AK	Alaska Krav Maga & Fitness (BJJ program)	https://akkravmaga.com/programs/brazilian-jiu-jitsu
OK	2958	KY	Somerset Martial Arts Summer Camp & Afterschool	https://somersetmartialartsky.com/
OK	2066	AL	NXG COMBAT SPORTS	https://nxgcombatsports.com/
OK	4097	TX	VA Academy Jiu Jitsu	https://www.vabjj.com
OK	2439	CA	Redding Ju Jitsu Academy Inc	https://www.ajjf.org/
OK	2654	FL	GB Rockledge	https://graciebarra.com/rockledge-fl/
OK	2704	GA	Wolfhunter Jiu Jitsu Club	https://wolfhunterjjc.com
OK	3729	ON	SBG Niagara	https://sbgniagara.ca
OK	4204	WA	Logic Jiu Jitsu Spanaway	https://logicjiujitsu.club
OK	2479	CA	Brazilian Top Team Long Beach	https://www.bttlongbeach.com/
OK	2382	CA	GB Glendale	https://www.gbglendale.com/
OK	3838	QC	Renzo Gracie Laval	https://www.gracielaval.com
OK	3472	NS	Presley BJJ	https://www.presleybjj.com
OK	3309	NH	Bazzani BJJ	https://bazzanibjj.com
OK	2016	AK	Anchorage Brazilian Jui-Jitsu	https://www.anchoragebjj.com/
OK	2161	AZ	Pinnacle Brazilian Jiu Jitsu	https://pinnaclebjjaz.com/
OK	3126	MN	Higher Ground Brazilian Jiu-Jitsu	https://www.hgbjjmn.com
OK	2244	BC	Disciple BJJ	https://www.disciplebjj.ca
OK	2243	BC	North Burnaby Brazilian Jiu Jitsu	https://www.northburnabyjiujitsu.com
OK	2764	HI	United BJJ Hawaii	https://unitedbjjhawaii.com
OK	2770	IA	Alliance Ames Brazilian JiuJitsu	https://amesbrazilianjiu-jitsu.com
OK	2861	IL	United Elite Mixed Martial Arts and Fitness	https://www.unitedelitemma.com/
OK	3061	MI	10th Planet Jiu Jitsu Grand Rapids	https://www.10thplanetgrandrapids.com/
OK	3734	ON	Thunder Valley Martial Arts	https://thundervalleymartialarts.com
OK	3898	SC	Renzo Gracie South Carolina	https://www.renzograciesc.com
EMPTY	2224	AZ	Daimyo Brazilian Jiujitsu	https://daimyobjj.com
OK	3043	ME	Gracie Gym Maine	https://graciegymmaine.com
OK	3640	OH	Vanyo Martial Arts	https://www.vanyomma.com/
OK	2433	CA	Silva BJJ Parlier CA (Aloisio Silva Affiliated Academy)	https://silvabjj.com/
OK	2233	BC	Genesis Martial Arts	https://www.genesismartialarts.ca
WRONG_BUSINESS	2602	FL	School of Combat Arts	https://schoolofcombatarts.com/	martial arts school in Niceville/Valparaiso FL, not Gainesville
OK	3182	MS	Gracie South Jiu Jitsu Headquarters	https://graciesouth.com
EMPTY	4003	TX	Abdias Brazilian Jiu-Jitsu	https://www.bushidostrength.com
OK	2002	AB	Okotoks BJJ	https://okotoksbjj.com
OK	3621	OH	Dayton Brazilian Jiu Jitsu	https://daytonbrazilianjiujitsu.com/
OK	3108	MN	Southside Brazilian Jiu Jitsu	https://www.southsidebrazilianjiujitsu.com
OK	3411	NL	Alex Foley's Academy of Martial Arts	https://www.alexfoley.ca
OK	3821	PE	JM Brazilian Jiu-Jitsu	https://jmbjj.ca
EMPTY	3208	NB	Victory Jiu-Jitsu Edmundston	https://www.facebook.com/VictoryJJEdmundston
OK	2515	CA	Ground-Up Brazilian Jiu-Jitsu Academy, LLC	https://www.gubjja.com/
OK	3684	ON	Return of the Dragon	https://rotdma.com
OK	3480	NV	Alliance Jiu Jitsu Las Vegas	https://alliancejiujitsulasvegas.com
OK	2667	FL	Elevate Martial Arts South Campus (American Top Team affiliate)	https://elevatemartialartstampa.com/adult-bjj-classes-south-tampa/
EMPTY	4025	TX	GB Fulshear	https://graciebarra.com/fulshear-tx/
OK	1967	AB	JR Academy	https://www.jracademy.co
OK	2063	AL	Renzo Gracie Alabama	https://www.renzograciealabama.com/
OK	3791	PA	Mata Leão Jiu-Jitsu	https://eriebjj.com
OK	2512	CA	Willows Jiu Jitsu & MMA	https://www.willowsjiujitsumma.com/
OK	4037	TX	Blitz Martial Arts	https://blitzmatx.com/
OK	3872	QC	Three Headed Beast	https://www.sherbrookebjj.com
OK	3940	SK	Control Jiu Jitsu	https://controlbjj.com
OK	3289	NE	Legacy BJJ Omaha	https://legacybjjomaha.com
OK	2171	AZ	Gracie Barra East Mesa Brazilian Jiu-Jitsu & Self-Defense	https://www.gbeastmesa.com/
OK	3401	NJ	Jiu Jitsu North Jersey / Otimo JJ	https://otimojj.com
OK	3015	MB	WAMMA Thompson	https://wamma.site/thompson
OK	4093	TX	Martial arts of Waco	https://martialartswaco.com/
OK	2429	CA	Oroville Jiu Jitsu Academy	https://orovillejiujitsu.com/
OK	2845	ID	North Idaho Jiu Jitsu	https://www.northidahojiujitsu.com
OK	2081	AR	Inferno Martial Arts Bentonville	https://myinfernofitness.com
OK	2771	IA	Elite Edge Gym Ankeny	https://eliteedgegym.com
OK	2328	BC	ZUMA Martial Arts	https://zuma.tv
OK	3851	QC	Gracie Barra Sainte-Anne-de-Bellevue	https://gbsainteanne.ca
OK	2341	CA	Bay Area Boxing and BJJ	https://www.bayareaboxing.net/
WRONG_BUSINESS	3075	MI	Metro Detroit Kudo	https://www.gkadojo.com/	Goshin & Kudo Academy dojo in Barry, Wales UK - not Michigan
OK	2697	GA	Team Octopus Chamblee	https://mmaatl.com/get-started/
OK	2220	AZ	Mako Brazilian Jiu-Jitsu Tucson	https://www.makobjj.com/
OK	2042	AL	Peak Martial Arts Dothan	https://pmadothan.com/classes/Brazilian-Jiu-Jitsu
OK	3669	ON	King Jiu Jitsu Vaughan	https://kingjiujitsuvaughan.com
OK	3892	RI	Renzo Gracie RI	https://www.renzogracieri.com
OK	3505	NY	Victory BJJ	https://victoryjj.com
OK	3021	MB	Gracie Jiu-Jitsu Winnipeg	https://graciejiujitsuwinnipeg.com
OK	2965	LA	Kimm's Institute of Self-Defense	https://www.kimmsinstitute.info/
OK	1973	AB	Dark Horse Martial Arts	https://darkhorsemartialarts.ca/
OK	2561	CT	Teixeira MMA & Fitness	https://www.teixeirammaandfitness.com/
OK	3279	NE	SIMS Dojo Nebraska City	https://learn.simsdojo.net
OK	3546	NY	Renzo Gracie Rockland	https://www.renzogracierockland.com
OK	2281	BC	Gracie Barra Port Coquitlam	https://gbportcoquitlam.com
OK	3514	NY	Renzo Gracie Brooklyn	https://renzograciebrooklynnyc.com
OK	2125	AR	Combat Concepts Academy	https://combatconceptsacademy.com
OK	2278	BC	North Vancouver Brazilian Jiu Jitsu	https://northvanbjj.com
OK	3706	ON	Mamute Martial Arts	https://mamutemaa.com
OK	3777	OR	Checkered Past MMA Gym	https://www.checkeredpastmma.com/
OK	2364	CA	Del Mar Jiu Jitsu Club	https://www.delmarjiujitsuclub.com
OK	4068	TX	Progresso Jiu Jitsu	https://progressojiujitsu.com/
OK	2531	CO	Wilson Bros. Grappling	https://www.wilsonbrosgrappling.com
OK	3591	NY	Training Zone NYC - Ozone Park	https://www.tznyc.com
OK	2331	CA	Alpine Jiu Jitsu	https://alpinebjjacademy.com
OK	3959	TN	Team Oxendine Mixed Martial Arts	https://www.teamoxendine.com
OK	2687	GA	Terra Guerra Jiu Jitsu	https://www.terraguerrajj.com/
OK	2446	CA	UFC GYM Rocklin	https://www.ufcgym.com/locations/rocklin/
EMPTY	3234	NC	Pure1 MMA & Muay Thai	https://www.facebook.com/thePure1mma/
OK	3789	PA	Tiger Schulmann's Mixed Martial Arts Colmar	https://tsk.com/locations/pa/colmar/
OK	3784	PA	Tiger Schulmann's Mixed Martial Arts Bethlehem	https://tsk.com/locations/pa/bethlehem/
OK	3523	NY	Tiger Schulmann's Martial Arts Greenpoint (Brooklyn) NY	https://tsk.com/locations/ny/brooklyn-greenpoint
OK	3543	NY	Tiger Schulmann's Martial Arts Manhasset NY	https://tsk.com/locations/ny/manhasset
OK	3584	NY	Tiger Schulmann's Martial Arts Bellerose (Queens) NY	https://tsk.com/locations/ny/bellerose
OK	3582	NY	Tiger Schulmann's Martial Arts Fresh Meadows (Queens) NY	https://tsk.com/locations/ny/queens-fresh-meadows
